Indian_medicinal_plant,Plant_part,IMPPAT_Phytochemical_identifier,Phytochemical_name,References
Curcuma aromatica,leaf,IMPHY000061,Patchouli alcohol,DOI:10.1080/10412905.1996.9701031
Curcuma aromatica,leaf,IMPHY000084,2-Heptanol,"DOI:10.1080/10412905.1996.9701031,DOI:10.1080/10412905.1999.9701209, ISBN:9770972795006"
Curcuma aromatica,leaf,IMPHY000099,Myrtenol,DOI:10.1080/10412905.1996.9701031
Curcuma aromatica,leaf,IMPHY000399,beta-Bisabolene,DOI:10.1080/10412905.1999.9701209
Curcuma aromatica,leaf,IMPHY000602,M-Cymene,DOI:10.1080/10412905.1999.9701209
Curcuma aromatica,leaf,IMPHY001246,Carvacrol,DOI:10.1080/0972-060x.2004.10643404
Curcuma aromatica,leaf,IMPHY001351,Elemicin,"DOI:10.1080/10412905.1996.9701031, ISBN:9770972795006"
Curcuma aromatica,leaf,IMPHY002825,2-(4-Methylphenyl)propan-2-ol,DOI:10.1080/0972-060x.2004.10643404
Curcuma aromatica,leaf,IMPHY003104,Decanoic acid,"DOI:10.1080/10412905.1996.9701031, ISBN:9770972795006"
Curcuma aromatica,leaf,IMPHY003485,Myrcene,"DOI:10.1080/10412905.1996.9701031,DOI:10.1080/10412905.1999.9701209"
Curcuma aromatica,leaf,IMPHY003789,Furanodienon,DOI:10.1080/10412905.1999.9701209
Curcuma aromatica,leaf,IMPHY003977,(-)-beta-Bourbonene,DOI:10.1080/10412905.1996.9701031
Curcuma aromatica,leaf,IMPHY003982,gamma-Terpinene,DOI:10.1080/10412905.1996.9701031
Curcuma aromatica,leaf,IMPHY004521,alpha-Patchoulene,DOI:10.1080/10412905.1996.9701031
Curcuma aromatica,leaf,IMPHY004542,3-Methyl-1-(3-methylfuran-2-yl)butan-1-one,DOI:10.1080/10412905.1996.9701031
Curcuma aromatica,leaf,IMPHY004549,Safrole,"DOI:10.1080/10412905.1996.9701031, ISBN:9770972795006"
Curcuma aromatica,leaf,IMPHY005042,Bisacumol,DOI:10.1080/10412905.1999.9701209
Curcuma aromatica,leaf,IMPHY005618,Germacrene B,"DOI:10.1080/10412905.1996.9701031,DOI:10.1080/10412905.1999.9701209"
Curcuma aromatica,leaf,IMPHY006145,p-Cymene,"DOI:10.1080/0972-060x.2004.10643404,DOI:10.1080/10412905.1996.9701031"
Curcuma aromatica,leaf,IMPHY006325,Myrtenal,DOI:10.1080/10412905.1996.9701031
Curcuma aromatica,leaf,IMPHY006463,Germacrone,"DOI:10.1080/10412905.1996.9701031,DOI:10.1080/10412905.1999.9701209"
Curcuma aromatica,leaf,IMPHY006696,Methyleugenol,DOI:10.1080/10412905.1996.9701031
Curcuma aromatica,leaf,IMPHY006944,Estragole,DOI:10.1080/10412905.1996.9701031
Curcuma aromatica,leaf,IMPHY006950,Tricyclene,DOI:10.1080/10412905.1996.9701031
Curcuma aromatica,leaf,IMPHY006992,1-Methylhexyl acetate,"DOI:10.1080/10412905.1999.9701209, ISBN:9770972795006"
Curcuma aromatica,leaf,IMPHY007110,Perilla ketone,DOI:10.1080/10412905.1996.9701031
Curcuma aromatica,leaf,IMPHY009740,Camphene hydrate,"DOI:10.1080/10412905.1996.9701031,DOI:10.1080/10412905.1999.9701209"
Curcuma aromatica,leaf,IMPHY010072,Eucalyptol,"DOI:10.1080/0972-060x.2004.10643404,DOI:10.1080/10412905.1996.9701031,DOI:10.1080/10412905.1999.9701209"
Curcuma aromatica,leaf,IMPHY010080,beta-Elemene,"DOI:10.1080/10412905.1996.9701031,DOI:10.1080/10412905.1999.9701209"
Curcuma aromatica,leaf,IMPHY010541,1-Bisabolone,DOI:10.1080/10412905.1999.9701209
Curcuma aromatica,leaf,IMPHY010611,Curzerene,"DOI:10.1080/10412905.1996.9701031,DOI:10.1080/10412905.1999.9701209"
Curcuma aromatica,leaf,IMPHY010676,(+)-Curcumenol,DOI:10.1080/10412905.1999.9701209
Curcuma aromatica,leaf,IMPHY010677,Curcuphenol,DOI:10.1080/10412905.1999.9701209
Curcuma aromatica,leaf,IMPHY010995,Toluene,DOI:10.1080/10412905.1999.9701209
Curcuma aromatica,leaf,IMPHY011087,alpha-Turmerone,DOI:10.1080/10412905.1999.9701209
Curcuma aromatica,leaf,IMPHY011392,3-Carene,DOI:10.1080/0972-060x.2004.10643404
Curcuma aromatica,leaf,IMPHY011396,4-Carvomenthenol,DOI:10.1080/10412905.1999.9701209
Curcuma aromatica,leaf,IMPHY011552,(1R)-2-methyl-5-propan-2-ylbicyclo[3.1.0]hex-2-ene,DOI:10.1080/10412905.1996.9701031
Curcuma aromatica,leaf,IMPHY011563,Curzerenone,"DOI:10.1080/10412905.1996.9701031,DOI:10.1080/10412905.1999.9701209"
Curcuma aromatica,leaf,IMPHY011590,d-Borneol,"DOI:10.1080/10412905.1996.9701031,DOI:10.1080/10412905.1999.9701209"
Curcuma aromatica,leaf,IMPHY011599,Terpinolene,DOI:10.1080/10412905.1996.9701031
Curcuma aromatica,leaf,IMPHY011658,beta-Farnesene,DOI:10.1080/10412905.1999.9701209
Curcuma aromatica,leaf,IMPHY011659,alpha-Muurolene,DOI:10.1080/10412905.1996.9701031
Curcuma aromatica,leaf,IMPHY011745,Zingiberene,DOI:10.1080/10412905.1999.9701209
Curcuma aromatica,leaf,IMPHY011761,Humulene,"DOI:10.1080/10412905.1996.9701031,DOI:10.1080/10412905.1999.9701209"
Curcuma aromatica,leaf,IMPHY011789,Citral,DOI:10.1080/10412905.1996.9701031
Curcuma aromatica,leaf,IMPHY011793,(+)-gamma-Cadinene,DOI:10.1080/10412905.1996.9701031
Curcuma aromatica,leaf,IMPHY011957,(+)-delta-Cadinene,DOI:10.1080/10412905.1996.9701031
Curcuma aromatica,leaf,IMPHY011977,Epicurzerenone,DOI:10.1080/10412905.1999.9701209
Curcuma aromatica,leaf,IMPHY011999,Carveol,DOI:10.1080/0972-060x.2004.10643404
Curcuma aromatica,leaf,IMPHY012036,Camphor,"DOI:10.1080/10412905.1996.9701031,DOI:10.1080/10412905.1999.9701209"
Curcuma aromatica,leaf,IMPHY012058,Linalool,"DOI:10.1080/10412905.1996.9701031,DOI:10.1080/10412905.1999.9701209"
Curcuma aromatica,leaf,IMPHY012061,alpha-Pinene,"DOI:10.1080/0972-060x.2004.10643404,DOI:10.1080/10412905.1996.9701031,DOI:10.1080/10412905.1999.9701209"
Curcuma aromatica,leaf,IMPHY012075,Carvone,DOI:10.1080/10412905.1996.9701031
Curcuma aromatica,leaf,IMPHY012147,beta-Pinene,"DOI:10.1080/0972-060x.2004.10643404,DOI:10.1080/10412905.1996.9701031,DOI:10.1080/10412905.1999.9701209"
Curcuma aromatica,leaf,IMPHY012160,alpha-Terpineol,"DOI:10.1080/0972-060x.2004.10643404,DOI:10.1080/10412905.1996.9701031,DOI:10.1080/10412905.1999.9701209"
Curcuma aromatica,leaf,IMPHY012165,Sabinene,"DOI:10.1080/10412905.1996.9701031,DOI:10.1080/10412905.1999.9701209"
Curcuma aromatica,leaf,IMPHY012279,alpha-Curcumene,DOI:10.1080/10412905.1999.9701209
Curcuma aromatica,leaf,IMPHY012305,beta-Patchoulene,DOI:10.1080/10412905.1996.9701031
Curcuma aromatica,leaf,IMPHY012381,ar-Turmerone,DOI:10.1080/10412905.1999.9701209
Curcuma aromatica,leaf,IMPHY012589,"3-(1,5-Dimethyl-4-hexenyl)-6-methylene-1-cyclohexene",DOI:10.1080/10412905.1999.9701209
Curcuma aromatica,leaf,IMPHY012616,p-Menth-1(7)-en-2-one,DOI:10.1080/0972-060x.2004.10643404
Curcuma aromatica,leaf,IMPHY012667,Caryophyllene oxide,"DOI:10.1080/10412905.1996.9701031,DOI:10.1080/10412905.1999.9701209"
Curcuma aromatica,leaf,IMPHY012907,trans-Sesquisabinene hydrate,DOI:10.1080/10412905.1999.9701209
Curcuma aromatica,leaf,IMPHY012921,gamma-Elemene,DOI:10.1080/10412905.1996.9701031
Curcuma aromatica,leaf,IMPHY013093,delta-Elemene,DOI:10.1080/10412905.1996.9701031
Curcuma aromatica,leaf,IMPHY014218,"(1R,4S,5R)-1,4-dimethyl-8-methylidene-2-oxabicyclo[3.2.1]octane",DOI:10.1080/0972-060x.2004.10643404
Curcuma aromatica,leaf,IMPHY014708,beta-Selinene,"DOI:10.1080/10412905.1996.9701031,DOI:10.1080/10412905.1999.9701209"
Curcuma aromatica,leaf,IMPHY014817,Aromadendrene,DOI:10.1080/10412905.1996.9701031
Curcuma aromatica,leaf,IMPHY014831,beta-Caryophyllene,"DOI:10.1080/10412905.1996.9701031,DOI:10.1080/10412905.1999.9701209"
Curcuma aromatica,leaf,IMPHY014835,(E)-beta-ocimene,DOI:10.1080/10412905.1996.9701031
Curcuma aromatica,leaf,IMPHY014852,Camphene,"DOI:10.1080/10412905.1996.9701031,DOI:10.1080/10412905.1999.9701209"
Curcuma aromatica,leaf,IMPHY014866,"2-Cyclohexen-1-ol, 2-methyl-5-(1-methylethenyl)-, acetate, cis-",DOI:10.1080/10412905.1996.9701031
Curcuma aromatica,leaf,IMPHY014876,7-epi-cis-Sesquisabinene hydrate,DOI:10.1080/10412905.1999.9701209
Curcuma aromatica,leaf,IMPHY014907,6-Epi-beta-bisabolol,DOI:10.1080/10412905.1999.9701209
Curcuma aromatica,leaf,IMPHY014988,Limonene,"DOI:10.1080/10412905.1996.9701031,DOI:10.1080/10412905.1999.9701209"
Curcuma aromatica,leaf,IMPHY015022,Nerolidol,DOI:10.1080/10412905.1999.9701209
Curcuma aromatica,rhizome,IMPHY000084,2-Heptanol,"DOI:10.1002/ffj.2730070105,DOI:10.1080/10412905.1996.9701031,DOI:10.1080/10412905.1999.9701209, ISBN:9770972795006"
Curcuma aromatica,rhizome,IMPHY000099,Myrtenol,DOI:10.1080/10412905.1996.9701031
Curcuma aromatica,rhizome,IMPHY000173,Thujyl alcohol,DOI:10.1080/0972060x.2014.908746
Curcuma aromatica,rhizome,IMPHY000399,beta-Bisabolene,"DOI:10.1002/ffj.2730040106,DOI:10.1080/10412905.1999.9701209"
Curcuma aromatica,rhizome,IMPHY000602,M-Cymene,DOI:10.1080/10412905.1999.9701209
Curcuma aromatica,rhizome,IMPHY000636,Graminone B,ISBN:9788172362133
Curcuma aromatica,rhizome,IMPHY001430,"Bicyclo(4.1.0)heptan-3-one, 1-methyl-4-(1-methylethylidene)-7-(3-oxobutyl)-, (1S,6R,7R)-","DOI:10.1002/ffj.2730070105, ISBN:9788172362133"
Curcuma aromatica,rhizome,IMPHY001538,2-Undecanol,"DOI:10.1002/ffj.2730070105,DOI:10.1080/10412905.1996.9701031"
Curcuma aromatica,rhizome,IMPHY001816,gamma-Terpineol,DOI:10.1002/ffj.2730070105
Curcuma aromatica,rhizome,IMPHY002179,Humuladienone,DOI:10.1002/ffj.2730070105
Curcuma aromatica,rhizome,IMPHY002533,(-)-beta-Curcumene,"DOI:10.1002/ffj.2730040106,DOI:10.1002/ffj.2730070105, ISBN:9788172362133, ISBN:9788185042145"
Curcuma aromatica,rhizome,IMPHY002626,"(6Z)-6,10-dimethyl-3-propan-2-ylidenecyclodec-6-ene-1,4-dione","DOI:10.1002/ffj.2730070105, ISBN:9788172362133"
Curcuma aromatica,rhizome,IMPHY002803,"2,3,5,6-Tetramethylpyrazine","ISBN:9788172362133, ISBN:9788185042114"
Curcuma aromatica,rhizome,IMPHY002850,Curcumol,"ISBN:9780387706375, ISBN:9788172360481, ISBN:9788172362133"
Curcuma aromatica,rhizome,IMPHY002851,2-Decanol,DOI:10.1080/10412905.1996.9701031
Curcuma aromatica,rhizome,IMPHY003016,Lauric acid,ISBN:9770972795006
Curcuma aromatica,rhizome,IMPHY003301,Octanoic acid,ISBN:9770972795006
Curcuma aromatica,rhizome,IMPHY003485,Myrcene,"DOI:10.1002/ffj.2730040106,DOI:10.1002/ffj.2730070105,DOI:10.1080/10412905.1996.9701031,DOI:10.1080/10412905.1999.9701209"
Curcuma aromatica,rhizome,IMPHY003545,4-Isopropylbenzaldehyde,DOI:10.1002/ffj.2730040106
Curcuma aromatica,rhizome,IMPHY003768,"4,10-Epizedoarondiol",ISBN:9788172362133
Curcuma aromatica,rhizome,IMPHY003769,"(1S,3abeta,8abeta)-Octahydro-1beta,4beta-dihydroxy-7-isopropylidene-1,4-dimethylazulen-6(5H)-one",ISBN:9788172362133
Curcuma aromatica,rhizome,IMPHY003977,(-)-beta-Bourbonene,DOI:10.1080/10412905.1996.9701031
Curcuma aromatica,rhizome,IMPHY003982,gamma-Terpinene,"DOI:10.1002/ffj.2730040106,DOI:10.1080/10412905.1996.9701031"
Curcuma aromatica,rhizome,IMPHY004129,Demethoxycurcumin,ISBN:9788172362133
Curcuma aromatica,rhizome,IMPHY004315,Procurcumenol,ISBN:9788172362133
Curcuma aromatica,rhizome,IMPHY004521,alpha-Patchoulene,DOI:10.1080/10412905.1996.9701031
Curcuma aromatica,rhizome,IMPHY005042,Bisacumol,"DOI:10.1002/ffj.2730070105,DOI:10.1080/10412905.1999.9701209"
Curcuma aromatica,rhizome,IMPHY005618,Germacrene B,"DOI:10.1080/10412905.1996.9701031,DOI:10.1080/10412905.1999.9701209"
Curcuma aromatica,rhizome,IMPHY005653,2-Octanol,"DOI:10.1080/10412905.1996.9701031,DOI:10.1080/10412905.1999.9701209, ISBN:9770972795006"
Curcuma aromatica,rhizome,IMPHY006145,p-Cymene,"DOI:10.1002/ffj.2730040106,DOI:10.1002/ffj.2730070105,DOI:10.1080/10412905.1996.9701031"
Curcuma aromatica,rhizome,IMPHY006214,"Germacr-1(10)-ene-5,8-dione","DOI:10.1002/ffj.2730070105, ISBN:9780387706375, ISBN:9788172362133"
Curcuma aromatica,rhizome,IMPHY006463,Germacrone,"DOI:10.1002/ffj.2730040106,DOI:10.1002/ffj.2730070105,DOI:10.1080/0972060x.2014.908746,DOI:10.1080/10412905.1996.9701031,DOI:10.1080/10412905.1999.9701209, ISBN:9788172362133, ISBN:9788185042114"
Curcuma aromatica,rhizome,IMPHY006758,"(1S,2S,5S,8S)-2-methyl-6-methylidene-9-propan-2-ylidene-11-oxatricyclo[6.2.1.01,5]undecan-8-ol",DOI:10.1002/ffj.2730070105
Curcuma aromatica,rhizome,IMPHY006950,Tricyclene,"DOI:10.1002/ffj.2730070105,DOI:10.1080/10412905.1996.9701031"
Curcuma aromatica,rhizome,IMPHY006992,1-Methylhexyl acetate,"DOI:10.1080/10412905.1996.9701031, ISBN:9770972795006"
Curcuma aromatica,rhizome,IMPHY007327,Palmitic acid,ISBN:9770972795006
Curcuma aromatica,rhizome,IMPHY007378,"(2S,3R,4R,5S,6S)-2-(hydroxymethyl)-6-(((2S,3R,4R,5S,6R)-3,4,5-trihydroxy-6-(((4aR,8aS)-4-isopropyl-1,7-dimethyl-1,2,3,4,4a,5,8,8a-octahydronaphthalen-1-yl)oxy)tetrahydro-2H-pyran-2-yl)methoxy)tetrahydro-2H-pyran-3,4,5-triol",ISBN:9788172362133
Curcuma aromatica,rhizome,IMPHY007427,Xanthorrhizol,"DOI:10.1002/ffj.2730040106,DOI:10.1002/ffj.2730070105,DOI:10.1080/0972060x.2014.908746, ISBN:9788172362133, ISBN:9788185042145"
Curcuma aromatica,rhizome,IMPHY007574,Curcumin,"ISBN:9788172362133, ISBN:9788172362140"
Curcuma aromatica,rhizome,IMPHY007852,Azulene,ISBN:9770972795006
Curcuma aromatica,rhizome,IMPHY009626,2-Nonanol,"DOI:10.1002/ffj.2730070105,DOI:10.1080/10412905.1996.9701031,DOI:10.1080/10412905.1999.9701209, ISBN:9770972795006"
Curcuma aromatica,rhizome,IMPHY009642,2-Nonanone,DOI:10.1080/10412905.1996.9701031
Curcuma aromatica,rhizome,IMPHY009688,"3,7(11)-Eudesmadiene",DOI:10.1002/ffj.2730070105
Curcuma aromatica,rhizome,IMPHY009740,Camphene hydrate,DOI:10.1080/10412905.1996.9701031
Curcuma aromatica,rhizome,IMPHY010049,Artesin[sesquiterpene],ISBN:9788172362133
Curcuma aromatica,rhizome,IMPHY010072,Eucalyptol,"DOI:10.1002/ffj.2730040106,DOI:10.1002/ffj.2730070105,DOI:10.1080/10412905.1996.9701031,DOI:10.1080/10412905.1999.9701209, ISBN:9788172362133, ISBN:9788185042114"
Curcuma aromatica,rhizome,IMPHY010080,beta-Elemene,"DOI:10.1002/ffj.2730040106,DOI:10.1002/ffj.2730070105,DOI:10.1080/0972060x.2014.908746,DOI:10.1080/10412905.1996.9701031,DOI:10.1080/10412905.1999.9701209"
Curcuma aromatica,rhizome,IMPHY010541,1-Bisabolone,DOI:10.1080/10412905.1999.9701209
Curcuma aromatica,rhizome,IMPHY010596,1-Methyloctyl acetate,DOI:10.1080/10412905.1996.9701031
Curcuma aromatica,rhizome,IMPHY010611,Curzerene,"DOI:10.1002/ffj.2730070105,DOI:10.1080/10412905.1996.9701031,DOI:10.1080/10412905.1999.9701209, ISBN:9788172362133, ISBN:9788185042114"
Curcuma aromatica,rhizome,IMPHY010654,Methylzedoarondiol,ISBN:9788172362133
Curcuma aromatica,rhizome,IMPHY010676,(+)-Curcumenol,DOI:10.1002/ffj.2730070105
Curcuma aromatica,rhizome,IMPHY010677,Curcuphenol,"DOI:10.1002/ffj.2730040106,DOI:10.1002/ffj.2730070105,DOI:10.1080/10412905.1999.9701209"
Curcuma aromatica,rhizome,IMPHY011027,Turmerol,DOI:10.1002/ffj.2730070105
Curcuma aromatica,rhizome,IMPHY011087,alpha-Turmerone,DOI:10.1080/10412905.1999.9701209
Curcuma aromatica,rhizome,IMPHY011396,4-Carvomenthenol,"DOI:10.1002/ffj.2730070105,DOI:10.1080/10412905.1999.9701209"
Curcuma aromatica,rhizome,IMPHY011521,2-Undecanone,"DOI:10.1002/ffj.2730070105,DOI:10.1080/10412905.1996.9701031"
Curcuma aromatica,rhizome,IMPHY011542,beta-Eudesmol,"DOI:10.1002/ffj.2730070105,DOI:10.1080/10412905.1996.9701031"
Curcuma aromatica,rhizome,IMPHY011552,(1R)-2-methyl-5-propan-2-ylbicyclo[3.1.0]hex-2-ene,DOI:10.1080/10412905.1996.9701031
Curcuma aromatica,rhizome,IMPHY011557,4-Isopropylbenzyl alcohol,DOI:10.1002/ffj.2730040106
Curcuma aromatica,rhizome,IMPHY011563,Curzerenone,"DOI:10.1002/ffj.2730040106,DOI:10.1002/ffj.2730070105,DOI:10.1080/10412905.1996.9701031,DOI:10.1080/10412905.1999.9701209"
Curcuma aromatica,rhizome,IMPHY011590,d-Borneol,"DOI:10.1002/ffj.2730040106,DOI:10.1002/ffj.2730070105,DOI:10.1080/0972060x.2014.908746,DOI:10.1080/10412905.1996.9701031,DOI:10.1080/10412905.1999.9701209, ISBN:9788172362133, ISBN:9788185042114"
Curcuma aromatica,rhizome,IMPHY011599,Terpinolene,"DOI:10.1002/ffj.2730040106,DOI:10.1080/10412905.1996.9701031"
Curcuma aromatica,rhizome,IMPHY011643,alpha-Terpinene,DOI:10.1080/10412905.1996.9701031
Curcuma aromatica,rhizome,IMPHY011658,beta-Farnesene,"DOI:10.1002/ffj.2730070105,DOI:10.1080/0972060x.2014.908746,DOI:10.1080/10412905.1999.9701209"
Curcuma aromatica,rhizome,IMPHY011668,beta-Santalene,DOI:10.1002/ffj.2730040106
Curcuma aromatica,rhizome,IMPHY011745,Zingiberene,"DOI:10.1002/ffj.2730040106,DOI:10.1002/ffj.2730070105,DOI:10.1080/0972060x.2014.908746,DOI:10.1080/10412905.1999.9701209"
Curcuma aromatica,rhizome,IMPHY011761,Humulene,"DOI:10.1080/10412905.1996.9701031,DOI:10.1080/10412905.1999.9701209"
Curcuma aromatica,rhizome,IMPHY011793,(+)-gamma-Cadinene,DOI:10.1080/10412905.1996.9701031
Curcuma aromatica,rhizome,IMPHY011797,Oleic acid,ISBN:9770972795006
Curcuma aromatica,rhizome,IMPHY011817,alpha-Farnesene,DOI:10.1080/0972060x.2014.908746
Curcuma aromatica,rhizome,IMPHY011902,beta-Thujone,DOI:10.1002/ffj.2730040106
Curcuma aromatica,rhizome,IMPHY011957,(+)-delta-Cadinene,"DOI:10.1002/ffj.2730070105,DOI:10.1080/10412905.1996.9701031"
Curcuma aromatica,rhizome,IMPHY011973,(-)-cis-Carveol,DOI:10.1080/10412905.1996.9701031
Curcuma aromatica,rhizome,IMPHY011977,Epicurzerenone,DOI:10.1080/10412905.1999.9701209
Curcuma aromatica,rhizome,IMPHY012036,Camphor,"DOI:10.1002/ffj.2730040106,DOI:10.1002/ffj.2730070105,DOI:10.1080/0972060x.2014.908746,DOI:10.1080/10412905.1996.9701031,DOI:10.1080/10412905.1999.9701209, ISBN:9788185042114"
Curcuma aromatica,rhizome,IMPHY012058,Linalool,"DOI:10.1002/ffj.2730070105,DOI:10.1080/10412905.1996.9701031,DOI:10.1080/10412905.1999.9701209"
Curcuma aromatica,rhizome,IMPHY012060,(+)-Camphene,"ISBN:9780387706375, ISBN:9788172362133"
Curcuma aromatica,rhizome,IMPHY012061,alpha-Pinene,"DOI:10.1002/ffj.2730040106,DOI:10.1002/ffj.2730070105,DOI:10.1080/0972060x.2014.908746,DOI:10.1080/10412905.1996.9701031,DOI:10.1080/10412905.1999.9701209, ISBN:9788172362133, ISBN:9788185042114"
Curcuma aromatica,rhizome,IMPHY012075,Carvone,DOI:10.1080/10412905.1996.9701031
Curcuma aromatica,rhizome,IMPHY012147,beta-Pinene,"DOI:10.1002/ffj.2730040106,DOI:10.1002/ffj.2730070105,DOI:10.1080/10412905.1996.9701031,DOI:10.1080/10412905.1999.9701209, ISBN:9788172362133, ISBN:9788185042114"
Curcuma aromatica,rhizome,IMPHY012160,alpha-Terpineol,"DOI:10.1002/ffj.2730040106,DOI:10.1080/0972060x.2014.908746,DOI:10.1080/10412905.1996.9701031,DOI:10.1080/10412905.1999.9701209"
Curcuma aromatica,rhizome,IMPHY012165,Sabinene,"DOI:10.1002/ffj.2730070105,DOI:10.1080/10412905.1996.9701031"
Curcuma aromatica,rhizome,IMPHY012261,alpha-Bergamotene,DOI:10.1002/ffj.2730040106
Curcuma aromatica,rhizome,IMPHY012279,alpha-Curcumene,"DOI:10.1002/ffj.2730040106,DOI:10.1002/ffj.2730070105,DOI:10.1080/0972060x.2014.908746,DOI:10.1080/10412905.1999.9701209, ISBN:9788172362133, ISBN:9788185042145"
Curcuma aromatica,rhizome,IMPHY012381,ar-Turmerone,"DOI:10.1002/ffj.2730070105,DOI:10.1080/0972060x.2014.908746,DOI:10.1080/10412905.1999.9701209"
Curcuma aromatica,rhizome,IMPHY012589,"3-(1,5-Dimethyl-4-hexenyl)-6-methylene-1-cyclohexene","DOI:10.1002/ffj.2730070105,DOI:10.1080/0972060x.2014.908746,DOI:10.1080/10412905.1999.9701209"
Curcuma aromatica,rhizome,IMPHY012667,Caryophyllene oxide,"DOI:10.1002/ffj.2730070105,DOI:10.1080/10412905.1996.9701031,DOI:10.1080/10412905.1999.9701209"
Curcuma aromatica,rhizome,IMPHY012907,trans-Sesquisabinene hydrate,DOI:10.1080/10412905.1999.9701209
Curcuma aromatica,rhizome,IMPHY012921,gamma-Elemene,"DOI:10.1002/ffj.2730070105,DOI:10.1080/10412905.1996.9701031"
Curcuma aromatica,rhizome,IMPHY013093,delta-Elemene,"DOI:10.1002/ffj.2730070105,DOI:10.1080/0972060x.2014.908746"
Curcuma aromatica,rhizome,IMPHY014699,D-Camphor,"ISBN:9780387706375, ISBN:9788172362133"
Curcuma aromatica,rhizome,IMPHY014802,alpha-Atlantone,DOI:10.1002/ffj.2730070105
Curcuma aromatica,rhizome,IMPHY014811,alpha-Phellandrene,"DOI:10.1002/ffj.2730070105,DOI:10.1080/10412905.1996.9701031"
Curcuma aromatica,rhizome,IMPHY014817,Aromadendrene,DOI:10.1080/10412905.1996.9701031
Curcuma aromatica,rhizome,IMPHY014831,beta-Caryophyllene,"DOI:10.1002/ffj.2730070105,DOI:10.1080/0972060x.2014.908746,DOI:10.1080/10412905.1996.9701031,DOI:10.1080/10412905.1999.9701209"
Curcuma aromatica,rhizome,IMPHY014835,(E)-beta-ocimene,DOI:10.1080/10412905.1996.9701031
Curcuma aromatica,rhizome,IMPHY014836,beta-Sitosterol,ISBN:9770972795006
Curcuma aromatica,rhizome,IMPHY014852,Camphene,"DOI:10.1002/ffj.2730040106,DOI:10.1002/ffj.2730070105,DOI:10.1080/0972060x.2014.908746,DOI:10.1080/10412905.1996.9701031,DOI:10.1080/10412905.1999.9701209"
Curcuma aromatica,rhizome,IMPHY014876,7-epi-cis-Sesquisabinene hydrate,DOI:10.1080/10412905.1999.9701209
Curcuma aromatica,rhizome,IMPHY014907,6-Epi-beta-bisabolol,DOI:10.1080/10412905.1999.9701209
Curcuma aromatica,rhizome,IMPHY014988,Limonene,"DOI:10.1002/ffj.2730040106,DOI:10.1002/ffj.2730070105,DOI:10.1080/10412905.1996.9701031,DOI:10.1080/10412905.1999.9701209"
Curcuma aromatica,rhizome,IMPHY014990,Linoleic acid,ISBN:9770972795006
Curcuma aromatica,rhizome,IMPHY015022,Nerolidol,DOI:10.1080/10412905.1999.9701209
Curcuma aromatica,rhizome,IMPHY015123,alpha-Copaene,DOI:10.1002/ffj.2730040106
Curcuma aromatica,rhizome,IMPHY016012,Allo-Aromadendrene,DOI:10.1002/ffj.2730070105
Curcuma aromatica,rhizome,IMPHY017883,"(4S,5S)-Germacrone-4,5-epoxide",ISBN:9788172362133
Curcuma aromatica,whole plant,IMPHY006214,"Germacr-1(10)-ene-5,8-dione",ISBN:9788172360481
Curcuma aromatica,,IMPHY000060,Myristic acid,ISBN:9770972795006
Curcuma aromatica,,IMPHY000636,Graminone B,ISBN:9788185042114
Curcuma aromatica,,IMPHY001430,"Bicyclo(4.1.0)heptan-3-one, 1-methyl-4-(1-methylethylidene)-7-(3-oxobutyl)-, (1S,6R,7R)-","ISBN:9788172362140, ISBN:9788185042114"
Curcuma aromatica,,IMPHY002232,Acetoxyneocurdione,ISBN:9788185042145
Curcuma aromatica,,IMPHY002533,(-)-beta-Curcumene,ISBN:9780387706375
Curcuma aromatica,,IMPHY002550,Neoprocurcumenol,ISBN:9788185042145
Curcuma aromatica,,IMPHY002576,Isocurcumadione,ISBN:9788185042145
Curcuma aromatica,,IMPHY002626,"(6Z)-6,10-dimethyl-3-propan-2-ylidenecyclodec-6-ene-1,4-dione","ISBN:9788172362140, ISBN:9788185042138"
Curcuma aromatica,,IMPHY002803,"2,3,5,6-Tetramethylpyrazine",ISBN:9788172362140
Curcuma aromatica,,IMPHY003768,"4,10-Epizedoarondiol",ISBN:9788185042138
Curcuma aromatica,,IMPHY003769,"(1S,3abeta,8abeta)-Octahydro-1beta,4beta-dihydroxy-7-isopropylidene-1,4-dimethylazulen-6(5H)-one","ISBN:9788172362140, ISBN:9788185042138"
Curcuma aromatica,,IMPHY004288,Epiprocurcumenol,ISBN:9788185042145
Curcuma aromatica,,IMPHY004302,Arachidonic acid,ISBN:9770972795006
Curcuma aromatica,,IMPHY004315,Procurcumenol,"ISBN:9788172362140, ISBN:9788185042114"
Curcuma aromatica,,IMPHY004631,Stearic acid,ISBN:9770972795006
Curcuma aromatica,,IMPHY006214,"Germacr-1(10)-ene-5,8-dione","ISBN:9788172362140, ISBN:9788185042114"
Curcuma aromatica,,IMPHY006463,Germacrone,"ISBN:9788172362140, ISBN:9788185042114, ISBN:9788185042138"
Curcuma aromatica,,IMPHY007327,Palmitic acid,ISBN:9770972795006
Curcuma aromatica,,IMPHY007427,Xanthorrhizol,"ISBN:9780387706375, ISBN:9788172362140, ISBN:9788185042114"
Curcuma aromatica,,IMPHY007574,Curcumin,PMID:17913483
Curcuma aromatica,,IMPHY010072,Eucalyptol,ISBN:9788172362140
Curcuma aromatica,,IMPHY010140,"(3E,7E,10E)-10-(1-hydroxypropan-2-ylidene)-3,7-dimethylcyclodeca-3,7-dien-1-one",ISBN:9788185042145
Curcuma aromatica,,IMPHY010611,Curzerene,"ISBN:9788172362140, ISBN:9788185042114"
Curcuma aromatica,,IMPHY010654,Methylzedoarondiol,"ISBN:9788172362140, ISBN:9788185042138"
Curcuma aromatica,,IMPHY010675,(6S)-6-methyl-5-(3-oxobutyl)-2-propan-2-ylidenecyclohept-4-en-1-one,ISBN:9788185042145
Curcuma aromatica,,IMPHY010677,Curcuphenol,"ISBN:9788172362140, ISBN:9788185042114"
Curcuma aromatica,,IMPHY011361,4-Methoxycinnamic acid,ISBN:9788172362140
Curcuma aromatica,,IMPHY011563,Curzerenone,ISBN:9788185042114
Curcuma aromatica,,IMPHY011586,"(S,1Z,6Z)-8-Isopropyl-1-methyl-5-methylenecyclodeca-1,6-diene",ISBN:9788185042114
Curcuma aromatica,,IMPHY011590,d-Borneol,ISBN:9788172362140
Curcuma aromatica,,IMPHY011797,Oleic acid,ISBN:9770972795006
Curcuma aromatica,,IMPHY012060,(+)-Camphene,ISBN:9788172362140
Curcuma aromatica,,IMPHY012061,alpha-Pinene,ISBN:9788172362140
Curcuma aromatica,,IMPHY012147,beta-Pinene,ISBN:9788172362140
Curcuma aromatica,,IMPHY012279,alpha-Curcumene,ISBN:9780387706375
Curcuma aromatica,,IMPHY012723,Linolenic acid,ISBN:9770972795006
Curcuma aromatica,,IMPHY012970,Germacrane,ISBN:9788172362140
Curcuma aromatica,,IMPHY014699,D-Camphor,ISBN:9788172362140
Curcuma aromatica,,IMPHY014990,Linoleic acid,ISBN:9770972795006
Curcuma caesia,leaf,IMPHY003485,Myrcene,DOI:10.1080/10412905.2004.9698664
Curcuma caesia,leaf,IMPHY006696,Methyleugenol,DOI:10.1080/10412905.2004.9698664
Curcuma caesia,leaf,IMPHY010072,Eucalyptol,DOI:10.1080/10412905.2004.9698664
Curcuma caesia,leaf,IMPHY010080,beta-Elemene,DOI:10.1080/10412905.2004.9698664
Curcuma caesia,leaf,IMPHY011590,d-Borneol,DOI:10.1080/10412905.2004.9698664
Curcuma caesia,leaf,IMPHY012036,Camphor,DOI:10.1080/10412905.2004.9698664
Curcuma caesia,leaf,IMPHY012058,Linalool,DOI:10.1080/10412905.2004.9698664
Curcuma caesia,leaf,IMPHY012061,alpha-Pinene,DOI:10.1080/10412905.2004.9698664
Curcuma caesia,leaf,IMPHY012147,beta-Pinene,DOI:10.1080/10412905.2004.9698664
Curcuma caesia,leaf,IMPHY012160,alpha-Terpineol,DOI:10.1080/10412905.2004.9698664
Curcuma caesia,leaf,IMPHY014831,beta-Caryophyllene,DOI:10.1080/10412905.2004.9698664
Curcuma caesia,leaf,IMPHY014988,Limonene,DOI:10.1080/10412905.2004.9698664
Curcuma caesia,rhizome,IMPHY000094,Occidentalol,DOI:10.1080/0972060x.2014.884781
Curcuma caesia,rhizome,IMPHY000711,Bornylene,ISBN:9788172362140
Curcuma caesia,rhizome,IMPHY003962,beta-Guaiene,DOI:10.1080/0972060x.2014.884781
Curcuma caesia,rhizome,IMPHY005618,Germacrene B,DOI:10.1002/ffj.1255
Curcuma caesia,rhizome,IMPHY006145,p-Cymene,DOI:10.1002/ffj.1255
Curcuma caesia,rhizome,IMPHY006944,Estragole,DOI:10.1002/ffj.1255
Curcuma caesia,rhizome,IMPHY007376,beta-Cubebene,DOI:10.1002/ffj.1255
Curcuma caesia,rhizome,IMPHY007840,Spathulenol,DOI:10.1080/0972060x.2014.884781
Curcuma caesia,rhizome,IMPHY008946,delta-Guaiene,DOI:10.1080/0972060x.2014.884781
Curcuma caesia,rhizome,IMPHY009200,Rosifoliol,DOI:10.1080/0972060x.2014.884781
Curcuma caesia,rhizome,IMPHY009815,gamma-Curcumene,DOI:10.1002/ffj.1255
Curcuma caesia,rhizome,IMPHY010072,Eucalyptol,"DOI:10.1002/ffj.1255,DOI:10.1080/0972060x.2014.884781, ISBN:9788172362140, ISBN:9788185042114"
Curcuma caesia,rhizome,IMPHY010080,beta-Elemene,"DOI:10.1002/ffj.1255,DOI:10.1080/0972060x.2014.884781"
Curcuma caesia,rhizome,IMPHY010126,Zingiberol,"ISBN:9788172362140, ISBN:9788185042138"
Curcuma caesia,rhizome,IMPHY011396,4-Carvomenthenol,DOI:10.1002/ffj.1255
Curcuma caesia,rhizome,IMPHY011581,alpha-Selinene,DOI:10.1080/0972060x.2014.884781
Curcuma caesia,rhizome,IMPHY011590,d-Borneol,"DOI:10.1002/ffj.1255,DOI:10.1080/0972060x.2014.884781"
Curcuma caesia,rhizome,IMPHY011599,Terpinolene,DOI:10.1002/ffj.1255
Curcuma caesia,rhizome,IMPHY011686,(+)-Borneol,"ISBN:9788172362140, ISBN:9788185042114"
Curcuma caesia,rhizome,IMPHY011793,(+)-gamma-Cadinene,DOI:10.1080/0972060x.2014.884781
Curcuma caesia,rhizome,IMPHY011818,"(Z,E)-alpha-Farnesene",DOI:10.1002/ffj.1255
Curcuma caesia,rhizome,IMPHY011890,Elemol,DOI:10.1002/ffj.1255
Curcuma caesia,rhizome,IMPHY011957,(+)-delta-Cadinene,DOI:10.1080/0972060x.2014.884781
Curcuma caesia,rhizome,IMPHY012036,Camphor,"DOI:10.1002/ffj.1255,DOI:10.1080/0972060x.2014.884781"
Curcuma caesia,rhizome,IMPHY012058,Linalool,DOI:10.1002/ffj.1255
Curcuma caesia,rhizome,IMPHY012060,(+)-Camphene,ISBN:9788172362140
Curcuma caesia,rhizome,IMPHY012118,Tropolone,DOI:10.1080/0972060x.2014.884781
Curcuma caesia,rhizome,IMPHY012152,alpha-Fenchol,DOI:10.1002/ffj.1255
Curcuma caesia,rhizome,IMPHY012160,alpha-Terpineol,DOI:10.1080/0972060x.2014.884781
Curcuma caesia,rhizome,IMPHY012178,p-Menthan-3-one,DOI:10.1002/ffj.1255
Curcuma caesia,rhizome,IMPHY012279,alpha-Curcumene,DOI:10.1002/ffj.1255
Curcuma caesia,rhizome,IMPHY012381,ar-Turmerone,"DOI:10.1002/ffj.1255,DOI:10.1080/0972060x.2014.884781"
Curcuma caesia,rhizome,IMPHY012625,"2,7-Dimethyloxepine",DOI:10.1080/0972060x.2014.884781
Curcuma caesia,rhizome,IMPHY012667,Caryophyllene oxide,DOI:10.1080/0972060x.2014.884781
Curcuma caesia,rhizome,IMPHY012739,(Z)-beta-Ocimene,DOI:10.1002/ffj.1255
Curcuma caesia,rhizome,IMPHY012921,gamma-Elemene,DOI:10.1002/ffj.1255
Curcuma caesia,rhizome,IMPHY013093,delta-Elemene,DOI:10.1002/ffj.1255
Curcuma caesia,rhizome,IMPHY014002,"2,3-Naphthalenedione, 1,4-dihydro-1,1,4,4-tetramethyl-",DOI:10.1080/0972060x.2014.884781
Curcuma caesia,rhizome,IMPHY014690,(-)-Globulol,DOI:10.1080/0972060x.2014.884781
Curcuma caesia,rhizome,IMPHY014699,D-Camphor,"ISBN:9788172362133, ISBN:9788172362140"
Curcuma caesia,rhizome,IMPHY014708,beta-Selinene,"DOI:10.1002/ffj.1255,DOI:10.1080/0972060x.2014.884781"
Curcuma caesia,rhizome,IMPHY014831,beta-Caryophyllene,"DOI:10.1002/ffj.1255,DOI:10.1080/0972060x.2014.884781"
Curcuma caesia,rhizome,IMPHY014835,(E)-beta-ocimene,ISBN:9788185042114
Curcuma caesia,rhizome,IMPHY014847,Bornyl acetate,DOI:10.1002/ffj.1255
Curcuma caesia,rhizome,IMPHY014852,Camphene,DOI:10.1002/ffj.1255
Curcuma caesia,rhizome,IMPHY014882,(+)-Linalool,ISBN:9788172362140
Curcuma caesia,rhizome,IMPHY014986,Ledol,DOI:10.1080/0972060x.2014.884781
Curcuma caesia,rhizome,IMPHY015004,Menthone,DOI:10.1002/ffj.1255
Curcuma caesia,rhizome,IMPHY015420,5-Nonanone,DOI:10.1002/ffj.1255
Curcuma caesia,rhizome,IMPHY016014,Isobornyl acetate,DOI:10.1080/0972060x.2014.884781
Curcuma caesia,rhizome,IMPHY017221,"4-Dimethylamino-3,5-xylenol",DOI:10.1080/0972060x.2014.884781
Curcuma caesia,rhizome,IMPHY017549,6-methyl-1H-pteridin-2-one,DOI:10.1080/0972060x.2014.884781
Curcuma caesia,tuber,IMPHY014699,D-Camphor,ISBN:9788172361266
Curcuma caesia,,IMPHY000711,Bornylene,ISBN:9780387706375
Curcuma caesia,,IMPHY007853,Camphane,ISBN:9780387706375
Curcuma caesia,,IMPHY010049,Artesin[sesquiterpene],ISBN:9780387706375
Curcuma caesia,,IMPHY012036,Camphor,ISBN:9780387706375
Curcuma longa,flower,IMPHY000399,beta-Bisabolene,DOI:10.1080/10412905.2002.9699843
Curcuma longa,flower,IMPHY002825,2-(4-Methylphenyl)propan-2-ol,DOI:10.1080/10412905.2002.9699843
Curcuma longa,flower,IMPHY003485,Myrcene,DOI:10.1080/10412905.2002.9699843
Curcuma longa,flower,IMPHY003567,alpha-Fenchene,DOI:10.1080/10412905.2002.9699843
Curcuma longa,flower,IMPHY003982,gamma-Terpinene,DOI:10.1080/10412905.2002.9699843
Curcuma longa,flower,IMPHY005042,Bisacumol,DOI:10.1080/10412905.2002.9699843
Curcuma longa,flower,IMPHY005798,Curlone,DOI:10.1080/10412905.2002.9699843
Curcuma longa,flower,IMPHY006145,p-Cymene,DOI:10.1080/10412905.2002.9699843
Curcuma longa,flower,IMPHY006463,Germacrone,DOI:10.1080/10412905.2002.9699843
Curcuma longa,flower,IMPHY006950,Tricyclene,DOI:10.1080/10412905.2002.9699843
Curcuma longa,flower,IMPHY008150,1-Methyl-4-(prop-1-en-2-yl)benzene,DOI:10.1080/10412905.2002.9699843
Curcuma longa,flower,IMPHY010072,Eucalyptol,DOI:10.1080/10412905.2002.9699843
Curcuma longa,flower,IMPHY010677,Curcuphenol,DOI:10.1080/10412905.2002.9699843
Curcuma longa,flower,IMPHY011004,"p-Mentha-1,3,8-triene",DOI:10.1080/10412905.2002.9699843
Curcuma longa,flower,IMPHY011087,alpha-Turmerone,DOI:10.1080/10412905.2002.9699843
Curcuma longa,flower,IMPHY011392,3-Carene,DOI:10.1080/10412905.2002.9699843
Curcuma longa,flower,IMPHY011396,4-Carvomenthenol,DOI:10.1080/10412905.2002.9699843
Curcuma longa,flower,IMPHY011521,2-Undecanone,DOI:10.1080/10412905.2002.9699843
Curcuma longa,flower,IMPHY011557,4-Isopropylbenzyl alcohol,DOI:10.1080/10412905.2002.9699843
Curcuma longa,flower,IMPHY011599,Terpinolene,DOI:10.1080/10412905.2002.9699843
Curcuma longa,flower,IMPHY011643,alpha-Terpinene,DOI:10.1080/10412905.2002.9699843
Curcuma longa,flower,IMPHY011647,Geranyl acetate,DOI:10.1080/10412905.2002.9699843
Curcuma longa,flower,IMPHY011658,beta-Farnesene,DOI:10.1080/10412905.2002.9699843
Curcuma longa,flower,IMPHY011745,Zingiberene,DOI:10.1080/10412905.2002.9699843
Curcuma longa,flower,IMPHY011761,Humulene,DOI:10.1080/10412905.2002.9699843
Curcuma longa,flower,IMPHY012058,Linalool,DOI:10.1080/10412905.2002.9699843
Curcuma longa,flower,IMPHY012061,alpha-Pinene,DOI:10.1080/10412905.2002.9699843
Curcuma longa,flower,IMPHY012147,beta-Pinene,DOI:10.1080/10412905.2002.9699843
Curcuma longa,flower,IMPHY012160,alpha-Terpineol,DOI:10.1080/10412905.2002.9699843
Curcuma longa,flower,IMPHY012165,Sabinene,DOI:10.1080/10412905.2002.9699843
Curcuma longa,flower,IMPHY012279,alpha-Curcumene,DOI:10.1080/10412905.2002.9699843
Curcuma longa,flower,IMPHY012381,ar-Turmerone,DOI:10.1080/10412905.2002.9699843
Curcuma longa,flower,IMPHY012589,"3-(1,5-Dimethyl-4-hexenyl)-6-methylene-1-cyclohexene",DOI:10.1080/10412905.2002.9699843
Curcuma longa,flower,IMPHY012739,(Z)-beta-Ocimene,DOI:10.1080/10412905.2002.9699843
Curcuma longa,flower,IMPHY014811,alpha-Phellandrene,DOI:10.1080/10412905.2002.9699843
Curcuma longa,flower,IMPHY014831,beta-Caryophyllene,DOI:10.1080/10412905.2002.9699843
Curcuma longa,flower,IMPHY014835,(E)-beta-ocimene,DOI:10.1080/10412905.2002.9699843
Curcuma longa,flower,IMPHY014863,cis-alpha-Bergamotene,DOI:10.1080/10412905.2002.9699843
Curcuma longa,flower,IMPHY014988,Limonene,DOI:10.1080/10412905.2002.9699843
Curcuma longa,flower,IMPHY015022,Nerolidol,DOI:10.1080/10412905.2002.9699843
Curcuma longa,flower,IMPHY017919,Ar-dihydro-turmerone,DOI:10.1080/10412905.2002.9699843
Curcuma longa,leaf,IMPHY000084,2-Heptanol,DOI:10.1002/ffj.1053
Curcuma longa,leaf,IMPHY000099,Myrtenol,"DOI:10.1002/ffj.1053,DOI:10.1002/ffj.1780,DOI:10.1080/10412905.1997.9700783,DOI:10.1080/10412905.2005.9698993,DOI:10.1080/10412905.2006.9699056"
Curcuma longa,leaf,IMPHY000399,beta-Bisabolene,"DOI:10.1002/ffj.1053,DOI:10.1002/ffj.1056,DOI:10.1002/ffj.1780,DOI:10.1080/10412905.1997.9700783,DOI:10.1080/10412905.2002.9699843"
Curcuma longa,leaf,IMPHY001246,Carvacrol,"DOI:10.1002/ffj.1053,DOI:10.1002/ffj.1780,DOI:10.1080/10412905.1997.9700783"
Curcuma longa,leaf,IMPHY001351,Elemicin,"DOI:10.1002/ffj.1053,DOI:10.1080/10412905.1997.9700783"
Curcuma longa,leaf,IMPHY001553,Cinnamyl cinnamate,DOI:10.1002/ffj.1053
Curcuma longa,leaf,IMPHY002533,(-)-beta-Curcumene,DOI:10.1002/ffj.1053
Curcuma longa,leaf,IMPHY002825,2-(4-Methylphenyl)propan-2-ol,"DOI:10.1002/ffj.1056,DOI:10.1002/ffj.1780,DOI:10.1080/10412905.1997.9700783,DOI:10.1080/10412905.2002.9699843,DOI:10.1080/10412905.2005.9698993"
Curcuma longa,leaf,IMPHY002851,2-Decanol,"DOI:10.1002/ffj.1053,DOI:10.1080/10412905.2005.9698993"
Curcuma longa,leaf,IMPHY003104,Decanoic acid,DOI:10.1002/ffj.1053
Curcuma longa,leaf,IMPHY003485,Myrcene,"DOI:10.1002/ffj.1053,DOI:10.1002/ffj.1780,DOI:10.1080/10412905.1997.9700783,DOI:10.1080/10412905.2002.9699843,DOI:10.1080/10412905.2004.9698664,DOI:10.1080/10412905.2005.9698993,DOI:10.1080/10412905.2006.9699056"
Curcuma longa,leaf,IMPHY003536,Eugenol,DOI:10.1080/10412905.2004.9698664
Curcuma longa,leaf,IMPHY003567,alpha-Fenchene,DOI:10.1080/10412905.2002.9699843
Curcuma longa,leaf,IMPHY003789,Furanodienon,DOI:10.1002/ffj.1053
Curcuma longa,leaf,IMPHY003840,(E)-Tagetenone,DOI:10.1080/10412905.2006.9699056
Curcuma longa,leaf,IMPHY003982,gamma-Terpinene,"DOI:10.1002/ffj.1053,DOI:10.1002/ffj.2730050206,DOI:10.1002/ffj.2730100604,DOI:10.1080/10412905.1997.9700783,DOI:10.1080/10412905.2002.9699843,DOI:10.1080/10412905.2005.9698993,DOI:10.1080/10412905.2006.9699056"
Curcuma longa,leaf,IMPHY004121,2-Heptanone,DOI:10.1002/ffj.1053
Curcuma longa,leaf,IMPHY004151,Geranyl formate,"DOI:10.1002/ffj.1053,DOI:10.1080/10412905.2005.9698993"
Curcuma longa,leaf,IMPHY004438,Geranyl butyrate,DOI:10.1002/ffj.1053
Curcuma longa,leaf,IMPHY004549,Safrole,DOI:10.1002/ffj.1053
Curcuma longa,leaf,IMPHY005042,Bisacumol,"DOI:10.1002/ffj.1053,DOI:10.1002/ffj.1780,DOI:10.1080/10412905.2002.9699843,DOI:10.1080/10412905.2005.9698993"
Curcuma longa,leaf,IMPHY005521,1-Hexen-3-OL,DOI:10.1002/ffj.1053
Curcuma longa,leaf,IMPHY005618,Germacrene B,DOI:10.1002/ffj.1780
Curcuma longa,leaf,IMPHY005653,2-Octanol,"DOI:10.1002/ffj.1780,DOI:10.1080/10412905.2005.9698993"
Curcuma longa,leaf,IMPHY005798,Curlone,"DOI:10.1002/ffj.1053,DOI:10.1002/ffj.1056,DOI:10.1080/10412905.1997.9700783,DOI:10.1080/10412905.2002.9699843"
Curcuma longa,leaf,IMPHY006145,p-Cymene,"DOI:10.1002/ffj.1053,DOI:10.1002/ffj.1056,DOI:10.1002/ffj.1780,DOI:10.1002/ffj.2730050206,DOI:10.1002/ffj.2730100604,DOI:10.1080/10412905.1997.9700783,DOI:10.1080/10412905.2002.9699843,DOI:10.1080/10412905.2004.9698664,DOI:10.1080/10412905.2005.9698993,DOI:10.1080/10412905.2006.9699056"
Curcuma longa,leaf,IMPHY006214,"Germacr-1(10)-ene-5,8-dione","DOI:10.1002/ffj.1053,DOI:10.1002/ffj.1780,DOI:10.1080/10412905.1997.9700783"
Curcuma longa,leaf,IMPHY006324,Linalyl propionate,DOI:10.1002/ffj.1053
Curcuma longa,leaf,IMPHY006325,Myrtenal,"DOI:10.1002/ffj.1053,DOI:10.1002/ffj.1056,DOI:10.1002/ffj.1780,DOI:10.1080/10412905.1997.9700783,DOI:10.1080/10412905.2005.9698993"
Curcuma longa,leaf,IMPHY006463,Germacrone,"DOI:10.1002/ffj.1053,DOI:10.1002/ffj.1780,DOI:10.1080/10412905.1997.9700783,DOI:10.1080/10412905.2002.9699843,DOI:10.1080/10412905.2005.9698993"
Curcuma longa,leaf,IMPHY006550,Thymol,"DOI:10.1002/ffj.1053,DOI:10.1080/10412905.1997.9700783"
Curcuma longa,leaf,IMPHY006696,Methyleugenol,DOI:10.1002/ffj.1053
Curcuma longa,leaf,IMPHY006950,Tricyclene,DOI:10.1080/10412905.2002.9699843
Curcuma longa,leaf,IMPHY007067,Linalyl acetate,"DOI:10.1002/ffj.1053,DOI:10.1080/10412905.2005.9698993"
Curcuma longa,leaf,IMPHY007069,4'-Methylacetophenone,"DOI:10.1002/ffj.1053,DOI:10.1002/ffj.1780,DOI:10.1080/10412905.2005.9698993,DOI:10.1080/10412905.2006.9699056"
Curcuma longa,leaf,IMPHY007110,Perilla ketone,"DOI:10.1002/ffj.1053,DOI:10.1080/10412905.2005.9698993"
Curcuma longa,leaf,IMPHY008150,1-Methyl-4-(prop-1-en-2-yl)benzene,"DOI:10.1080/10412905.1997.9700783,DOI:10.1080/10412905.2002.9699843"
Curcuma longa,leaf,IMPHY008936,alpha-Guaiene,DOI:10.1002/ffj.1053
Curcuma longa,leaf,IMPHY009626,2-Nonanol,DOI:10.1002/ffj.1053
Curcuma longa,leaf,IMPHY009642,2-Nonanone,DOI:10.1002/ffj.1780
Curcuma longa,leaf,IMPHY009713,(Z)-Methyl jasmonate,DOI:10.1080/10412905.2006.9699056
Curcuma longa,leaf,IMPHY009732,cis-Carvotanacetol,"DOI:10.1002/ffj.1053,DOI:10.1080/10412905.1997.9700783,DOI:10.1080/10412905.2005.9698993"
Curcuma longa,leaf,IMPHY009740,Camphene hydrate,"DOI:10.1002/ffj.1053,DOI:10.1002/ffj.1780"
Curcuma longa,leaf,IMPHY009780,Heptyl salicylate,"DOI:10.1002/ffj.1053,DOI:10.1080/10412905.2005.9698993"
Curcuma longa,leaf,IMPHY009858,1-Undecanol,"DOI:10.1002/ffj.1053,DOI:10.1080/10412905.2005.9698993"
Curcuma longa,leaf,IMPHY009866,2-(4-Methylphenyl)propan-1-ol,DOI:10.1080/10412905.2006.9699056
Curcuma longa,leaf,IMPHY009998,Geranyl hexanoate,DOI:10.1002/ffj.1053
Curcuma longa,leaf,IMPHY010072,Eucalyptol,"DOI:10.1002/ffj.1053,DOI:10.1002/ffj.1056,DOI:10.1002/ffj.1780,DOI:10.1002/ffj.2730100604,DOI:10.1080/10412905.1997.9700783,DOI:10.1080/10412905.2002.9699843,DOI:10.1080/10412905.2004.9698664,DOI:10.1080/10412905.2005.9698993,DOI:10.1080/10412905.2006.9699056"
Curcuma longa,leaf,IMPHY010080,beta-Elemene,"DOI:10.1002/ffj.1053,DOI:10.1080/10412905.2005.9698993"
Curcuma longa,leaf,IMPHY010541,1-Bisabolone,DOI:10.1002/ffj.1053
Curcuma longa,leaf,IMPHY010611,Curzerene,DOI:10.1002/ffj.1053
Curcuma longa,leaf,IMPHY010677,Curcuphenol,DOI:10.1080/10412905.2002.9699843
Curcuma longa,leaf,IMPHY010887,Thymol acetate,DOI:10.1002/ffj.1053
Curcuma longa,leaf,IMPHY010995,Toluene,DOI:10.1080/10412905.1997.9700783
Curcuma longa,leaf,IMPHY011004,"p-Mentha-1,3,8-triene","DOI:10.1002/ffj.1780,DOI:10.1080/10412905.2002.9699843"
Curcuma longa,leaf,IMPHY011050,3-Buten-2-OL,DOI:10.1002/ffj.1053
Curcuma longa,leaf,IMPHY011061,5-Hydroxy-p-menth-6-en-2-one,DOI:10.1080/10412905.1997.9700783
Curcuma longa,leaf,IMPHY011087,alpha-Turmerone,"DOI:10.1002/ffj.1053,DOI:10.1002/ffj.1056,DOI:10.1080/10412905.1997.9700783,DOI:10.1080/10412905.2002.9699843"
Curcuma longa,leaf,IMPHY011215,Tetradecane,DOI:10.1002/ffj.1053
Curcuma longa,leaf,IMPHY011392,3-Carene,"DOI:10.1002/ffj.1053,DOI:10.1002/ffj.2730050206,DOI:10.1002/ffj.2730100604,DOI:10.1080/10412905.1997.9700783,DOI:10.1080/10412905.2002.9699843,DOI:10.1080/10412905.2005.9698993,DOI:10.1080/10412905.2006.9699056"
Curcuma longa,leaf,IMPHY011396,4-Carvomenthenol,"DOI:10.1002/ffj.1053,DOI:10.1002/ffj.1056,DOI:10.1002/ffj.1780,DOI:10.1002/ffj.2730050206,DOI:10.1080/10412905.1997.9700783,DOI:10.1080/10412905.2002.9699843,DOI:10.1080/10412905.2005.9698993"
Curcuma longa,leaf,IMPHY011521,2-Undecanone,"DOI:10.1002/ffj.1053,DOI:10.1002/ffj.1780,DOI:10.1080/10412905.2002.9699843"
Curcuma longa,leaf,IMPHY011542,beta-Eudesmol,DOI:10.1002/ffj.1053
Curcuma longa,leaf,IMPHY011552,(1R)-2-methyl-5-propan-2-ylbicyclo[3.1.0]hex-2-ene,"DOI:10.1002/ffj.1053,DOI:10.1002/ffj.1056,DOI:10.1080/10412905.1997.9700783,DOI:10.1080/10412905.2005.9698993"
Curcuma longa,leaf,IMPHY011557,4-Isopropylbenzyl alcohol,DOI:10.1080/10412905.2002.9699843
Curcuma longa,leaf,IMPHY011563,Curzerenone,"DOI:10.1002/ffj.1053,DOI:10.1002/ffj.1780"
Curcuma longa,leaf,IMPHY011581,alpha-Selinene,"DOI:10.1002/ffj.1053,DOI:10.1080/10412905.2005.9698993"
Curcuma longa,leaf,IMPHY011586,"(S,1Z,6Z)-8-Isopropyl-1-methyl-5-methylenecyclodeca-1,6-diene","DOI:10.1002/ffj.1053,DOI:10.1080/10412905.2005.9698993"
Curcuma longa,leaf,IMPHY011588,cis-3-Hexen-1-ol,DOI:10.1002/ffj.1053
Curcuma longa,leaf,IMPHY011590,d-Borneol,"DOI:10.1002/ffj.1053,DOI:10.1002/ffj.1056,DOI:10.1002/ffj.1780,DOI:10.1080/10412905.1997.9700783"
Curcuma longa,leaf,IMPHY011599,Terpinolene,"DOI:10.1002/ffj.1053,DOI:10.1002/ffj.1780,DOI:10.1002/ffj.2730050206,DOI:10.1002/ffj.2730100604,DOI:10.1080/10412905.1997.9700783,DOI:10.1080/10412905.2002.9699843,DOI:10.1080/10412905.2004.9698664,DOI:10.1080/10412905.2005.9698993,DOI:10.1080/10412905.2006.9699056, ISBN:9788185042114"
Curcuma longa,leaf,IMPHY011632,Farnesol,"DOI:10.1002/ffj.1780,DOI:10.1080/10412905.2004.9698664"
Curcuma longa,leaf,IMPHY011643,alpha-Terpinene,"DOI:10.1002/ffj.1053,DOI:10.1002/ffj.1056,DOI:10.1002/ffj.2730050206,DOI:10.1002/ffj.2730100604,DOI:10.1080/10412905.1997.9700783,DOI:10.1080/10412905.2002.9699843,DOI:10.1080/10412905.2005.9698993,DOI:10.1080/10412905.2006.9699056"
Curcuma longa,leaf,IMPHY011647,Geranyl acetate,"DOI:10.1002/ffj.1053,DOI:10.1080/10412905.2002.9699843,DOI:10.1080/10412905.2005.9698993"
Curcuma longa,leaf,IMPHY011657,cis-beta-Farnesene,DOI:10.1080/10412905.2006.9699056
Curcuma longa,leaf,IMPHY011658,beta-Farnesene,"DOI:10.1002/ffj.1053,DOI:10.1080/10412905.2002.9699843,DOI:10.1080/10412905.2005.9698993,DOI:10.1080/10412905.2006.9699056"
Curcuma longa,leaf,IMPHY011659,alpha-Muurolene,DOI:10.1002/ffj.1053
Curcuma longa,leaf,IMPHY011660,(+)-alpha-Cadinene,DOI:10.1002/ffj.1053
Curcuma longa,leaf,IMPHY011745,Zingiberene,"DOI:10.1002/ffj.1053,DOI:10.1002/ffj.1056,DOI:10.1002/ffj.1780,DOI:10.1080/10412905.1997.9700783,DOI:10.1080/10412905.2002.9699843,DOI:10.1080/10412905.2005.9698993,DOI:10.1080/10412905.2006.9699056"
Curcuma longa,leaf,IMPHY011749,Humulene epoxide II,"DOI:10.1002/ffj.1053,DOI:10.1080/10412905.2005.9698993"
Curcuma longa,leaf,IMPHY011761,Humulene,"DOI:10.1002/ffj.1053,DOI:10.1002/ffj.1056,DOI:10.1080/10412905.1997.9700783,DOI:10.1080/10412905.2002.9699843"
Curcuma longa,leaf,IMPHY011789,Citral,"DOI:10.1002/ffj.1053,DOI:10.1080/10412905.2005.9698993"
Curcuma longa,leaf,IMPHY011790,Neral,DOI:10.1080/10412905.2005.9698993
Curcuma longa,leaf,IMPHY011804,cis-3-Hexenyl acetate,DOI:10.1080/10412905.2005.9698993
Curcuma longa,leaf,IMPHY011817,alpha-Farnesene,DOI:10.1080/10412905.2006.9699056
Curcuma longa,leaf,IMPHY011838,(E)-gamma-Bisabolene,DOI:10.1002/ffj.1780
Curcuma longa,leaf,IMPHY011882,Cinnamaldehyde,DOI:10.1080/10412905.1997.9700783
Curcuma longa,leaf,IMPHY011939,10-epi-gamma-Eudesmol,DOI:10.1002/ffj.1053
Curcuma longa,leaf,IMPHY011965,(+)-beta-Phellandrene,ISBN:9788185042114
Curcuma longa,leaf,IMPHY011973,(-)-cis-Carveol,"DOI:10.1002/ffj.1053,DOI:10.1080/10412905.2005.9698993"
Curcuma longa,leaf,IMPHY012036,Camphor,"DOI:10.1002/ffj.1053,DOI:10.1002/ffj.1780,DOI:10.1080/10412905.1997.9700783,DOI:10.1080/10412905.2005.9698993"
Curcuma longa,leaf,IMPHY012058,Linalool,"DOI:10.1002/ffj.1053,DOI:10.1002/ffj.1056,DOI:10.1002/ffj.1780,DOI:10.1080/10412905.1997.9700783,DOI:10.1080/10412905.2002.9699843,DOI:10.1080/10412905.2005.9698993,DOI:10.1080/10412905.2006.9699056"
Curcuma longa,leaf,IMPHY012061,alpha-Pinene,"DOI:10.1002/ffj.1053,DOI:10.1002/ffj.1780,DOI:10.1002/ffj.2730050206,DOI:10.1002/ffj.2730100604,DOI:10.1080/10412905.1997.9700783,DOI:10.1080/10412905.2002.9699843,DOI:10.1080/10412905.2004.9698664,DOI:10.1080/10412905.2005.9698993,DOI:10.1080/10412905.2006.9699056"
Curcuma longa,leaf,IMPHY012075,Carvone,DOI:10.1002/ffj.1053
Curcuma longa,leaf,IMPHY012147,beta-Pinene,"DOI:10.1002/ffj.1053,DOI:10.1002/ffj.1056,DOI:10.1002/ffj.2730100604,DOI:10.1080/10412905.1997.9700783,DOI:10.1080/10412905.2002.9699843,DOI:10.1080/10412905.2004.9698664,DOI:10.1080/10412905.2005.9698993,DOI:10.1080/10412905.2006.9699056"
Curcuma longa,leaf,IMPHY012152,alpha-Fenchol,DOI:10.1002/ffj.1053
Curcuma longa,leaf,IMPHY012160,alpha-Terpineol,"DOI:10.1002/ffj.1053,DOI:10.1002/ffj.1780,DOI:10.1002/ffj.2730050206,DOI:10.1080/10412905.1997.9700783,DOI:10.1080/10412905.2002.9699843,DOI:10.1080/10412905.2005.9698993"
Curcuma longa,leaf,IMPHY012165,Sabinene,"DOI:10.1002/ffj.1053,DOI:10.1002/ffj.1780,DOI:10.1080/10412905.1997.9700783,DOI:10.1080/10412905.2002.9699843,DOI:10.1080/10412905.2005.9698993,DOI:10.1080/10412905.2006.9699056"
Curcuma longa,leaf,IMPHY012261,alpha-Bergamotene,DOI:10.1080/10412905.2005.9698993
Curcuma longa,leaf,IMPHY012279,alpha-Curcumene,"DOI:10.1002/ffj.1053,DOI:10.1002/ffj.1056,DOI:10.1002/ffj.1780,DOI:10.1080/10412905.1997.9700783,DOI:10.1080/10412905.2002.9699843,DOI:10.1080/10412905.2006.9699056"
Curcuma longa,leaf,IMPHY012305,beta-Patchoulene,DOI:10.1080/10412905.2005.9698993
Curcuma longa,leaf,IMPHY012381,ar-Turmerone,"DOI:10.1002/ffj.1053,DOI:10.1002/ffj.1056,DOI:10.1002/ffj.1780,DOI:10.1080/10412905.1997.9700783,DOI:10.1080/10412905.2002.9699843,DOI:10.1080/10412905.2005.9698993"
Curcuma longa,leaf,IMPHY012587,tau-Cadinol,DOI:10.1080/10412905.2005.9698993
Curcuma longa,leaf,IMPHY012589,"3-(1,5-Dimethyl-4-hexenyl)-6-methylene-1-cyclohexene","DOI:10.1002/ffj.1053,DOI:10.1002/ffj.1056,DOI:10.1002/ffj.2730050206,DOI:10.1080/10412905.1997.9700783,DOI:10.1080/10412905.2002.9699843,DOI:10.1080/10412905.2005.9698993,DOI:10.1080/10412905.2006.9699056"
Curcuma longa,leaf,IMPHY012665,Levomenol,DOI:10.1002/ffj.1053
Curcuma longa,leaf,IMPHY012667,Caryophyllene oxide,"DOI:10.1002/ffj.1053,DOI:10.1002/ffj.1780,DOI:10.1080/10412905.1997.9700783,DOI:10.1080/10412905.2005.9698993"
Curcuma longa,leaf,IMPHY012739,(Z)-beta-Ocimene,"DOI:10.1002/ffj.1053,DOI:10.1002/ffj.1780,DOI:10.1080/10412905.1997.9700783,DOI:10.1080/10412905.2002.9699843,DOI:10.1080/10412905.2005.9698993,DOI:10.1080/10412905.2006.9699056"
Curcuma longa,leaf,IMPHY012907,trans-Sesquisabinene hydrate,"DOI:10.1002/ffj.1053,DOI:10.1002/ffj.1780,DOI:10.1080/10412905.2005.9698993"
Curcuma longa,leaf,IMPHY012920,"2-Furanmethanol, 5-ethenyltetrahydro-alpha,alpha,5-trimethyl-, cis-","DOI:10.1002/ffj.1053,DOI:10.1080/10412905.2005.9698993"
Curcuma longa,leaf,IMPHY012921,gamma-Elemene,"DOI:10.1002/ffj.1053,DOI:10.1080/10412905.2005.9698993"
Curcuma longa,leaf,IMPHY013019,"3-Hydroxy-4,5,6-trimethoxyspiro[1H-indole-2(3H),1'(3'H)-[2H]isoindole]-3'-one",DOI:10.1080/10412905.2006.9699056
Curcuma longa,leaf,IMPHY013093,delta-Elemene,DOI:10.1002/ffj.1053
Curcuma longa,leaf,IMPHY014811,alpha-Phellandrene,"DOI:10.1002/ffj.1053,DOI:10.1002/ffj.2730050206,DOI:10.1002/ffj.2730100604,DOI:10.1080/10412905.1997.9700783,DOI:10.1080/10412905.2002.9699843,DOI:10.1080/10412905.2005.9698993,DOI:10.1080/10412905.2006.9699056"
Curcuma longa,leaf,IMPHY014831,beta-Caryophyllene,"DOI:10.1002/ffj.1053,DOI:10.1002/ffj.1056,DOI:10.1002/ffj.1780,DOI:10.1080/10412905.1997.9700783,DOI:10.1080/10412905.2002.9699843,DOI:10.1080/10412905.2005.9698993"
Curcuma longa,leaf,IMPHY014835,(E)-beta-ocimene,"DOI:10.1002/ffj.1053,DOI:10.1080/10412905.2002.9699843,DOI:10.1080/10412905.2004.9698664,DOI:10.1080/10412905.2005.9698993,DOI:10.1080/10412905.2006.9699056"
Curcuma longa,leaf,IMPHY014852,Camphene,"DOI:10.1002/ffj.1053,DOI:10.1002/ffj.1780,DOI:10.1080/10412905.1997.9700783,DOI:10.1080/10412905.2005.9698993"
Curcuma longa,leaf,IMPHY014863,cis-alpha-Bergamotene,DOI:10.1080/10412905.2002.9699843
Curcuma longa,leaf,IMPHY014866,"2-Cyclohexen-1-ol, 2-methyl-5-(1-methylethenyl)-, acetate, cis-",DOI:10.1002/ffj.1053
Curcuma longa,leaf,IMPHY014871,cis-Nerolidol,DOI:10.1080/10412905.2006.9699056
Curcuma longa,leaf,IMPHY014876,7-epi-cis-Sesquisabinene hydrate,"DOI:10.1002/ffj.1053,DOI:10.1002/ffj.1780"
Curcuma longa,leaf,IMPHY014906,Cedrelanol,DOI:10.1002/ffj.1053
Curcuma longa,leaf,IMPHY014907,6-Epi-beta-bisabolol,DOI:10.1002/ffj.1053
Curcuma longa,leaf,IMPHY014923,Geraniol,DOI:10.1002/ffj.1053
Curcuma longa,leaf,IMPHY014988,Limonene,"DOI:10.1002/ffj.1780,DOI:10.1002/ffj.2730100604,DOI:10.1080/10412905.1997.9700783,DOI:10.1080/10412905.2002.9699843,DOI:10.1080/10412905.2004.9698664,DOI:10.1080/10412905.2005.9698993"
Curcuma longa,leaf,IMPHY014989,trans-Linalool oxide,DOI:10.1002/ffj.1053
Curcuma longa,leaf,IMPHY015022,Nerolidol,"DOI:10.1002/ffj.1053,DOI:10.1002/ffj.1780,DOI:10.1080/10412905.1997.9700783,DOI:10.1080/10412905.2002.9699843"
Curcuma longa,leaf,IMPHY015042,Piperitone,DOI:10.1080/10412905.1997.9700783
Curcuma longa,leaf,IMPHY015062,(+)-cis-Sabinol,"DOI:10.1002/ffj.1053,DOI:10.1002/ffj.1056,DOI:10.1002/ffj.1780,DOI:10.1002/ffj.2730050206,DOI:10.1080/10412905.1997.9700783,DOI:10.1080/10412905.2005.9698993"
Curcuma longa,leaf,IMPHY015063,Sabinyl acetate,DOI:10.1002/ffj.1053
Curcuma longa,leaf,IMPHY015095,"2-Cyclohexen-1-ol, 1-methyl-4-(1-methylethyl)-, trans-","DOI:10.1002/ffj.1053,DOI:10.1080/10412905.2005.9698993"
Curcuma longa,leaf,IMPHY016014,Isobornyl acetate,"DOI:10.1002/ffj.1053,DOI:10.1080/10412905.2005.9698993"
Curcuma longa,leaf,IMPHY016053,Viridiflorol,"DOI:10.1002/ffj.1053,DOI:10.1080/10412905.2005.9698993"
Curcuma longa,leaf,IMPHY017919,Ar-dihydro-turmerone,DOI:10.1080/10412905.2002.9699843
Curcuma longa,rhizome,IMPHY000073,"2-Hepten-4-one, 6-(2-hydroxy-4-methylphenyl)-2-methyl-",ISBN:9788172362133
Curcuma longa,rhizome,IMPHY000084,2-Heptanol,"DOI:10.1002/ffj.1053,DOI:10.1002/ffj.2730070105"
Curcuma longa,rhizome,IMPHY000099,Myrtenol,"DOI:10.1002/ffj.1053,DOI:10.1080/0972060x.2019.1599734,DOI:10.1080/10412905.1999.9712004"
Curcuma longa,rhizome,IMPHY000399,beta-Bisabolene,"DOI:10.1002/ffj.1053,DOI:10.1080/10412905.1997.9700783,DOI:10.1080/10412905.1999.9712004,DOI:10.1080/10412905.2002.9699843,DOI:10.1080/10412905.2011.9712275,DOI:10.1080/10412905.2014.942766, ISBN:9788172362133"
Curcuma longa,rhizome,IMPHY000545,O-Cymene,DOI:10.1080/0972060x.2019.1599734
Curcuma longa,rhizome,IMPHY001107,"(1E)-1,7-bis(4-hydroxy-3-methoxyphenyl)hept-1-ene-3,5-dione","ISBN:9788172362133, ISBN:9788185042114, ISBN:9788190648912"
Curcuma longa,rhizome,IMPHY001246,Carvacrol,"DOI:10.1002/ffj.1053,DOI:10.1080/0972060x.2019.1599734"
Curcuma longa,rhizome,IMPHY001351,Elemicin,"DOI:10.1002/ffj.1053,DOI:10.1080/10412905.1997.9700783"
Curcuma longa,rhizome,IMPHY001430,"Bicyclo(4.1.0)heptan-3-one, 1-methyl-4-(1-methylethylidene)-7-(3-oxobutyl)-, (1S,6R,7R)-","DOI:10.1002/ffj.2730070105, ISBN:9788172362133"
Curcuma longa,rhizome,IMPHY001538,2-Undecanol,DOI:10.1002/ffj.2730070105
Curcuma longa,rhizome,IMPHY001553,Cinnamyl cinnamate,"DOI:10.1002/ffj.1053,DOI:10.1080/10412905.2005.9698993"
Curcuma longa,rhizome,IMPHY001611,Turmeronol A,ISBN:9788172362133
Curcuma longa,rhizome,IMPHY001816,gamma-Terpineol,DOI:10.1002/ffj.2730070105
Curcuma longa,rhizome,IMPHY002179,Humuladienone,DOI:10.1002/ffj.2730070105
Curcuma longa,rhizome,IMPHY002533,(-)-beta-Curcumene,"DOI:10.1002/ffj.1053,DOI:10.1002/ffj.2730070105,DOI:10.1080/0972060x.2019.1599734,DOI:10.1080/10412905.1999.9712004,DOI:10.1080/10412905.2005.9698993"
Curcuma longa,rhizome,IMPHY002581,Procurcumadiol,ISBN:9788172362133
Curcuma longa,rhizome,IMPHY002626,"(6Z)-6,10-dimethyl-3-propan-2-ylidenecyclodec-6-ene-1,4-dione","DOI:10.1002/ffj.2730070105, ISBN:9788172362133"
Curcuma longa,rhizome,IMPHY002825,2-(4-Methylphenyl)propan-2-ol,"DOI:10.1080/0972060x.2019.1599734,DOI:10.1080/10412905.2002.9699843,DOI:10.1080/10412905.2005.9698993"
Curcuma longa,rhizome,IMPHY002850,Curcumol,ISBN:9788190648943
Curcuma longa,rhizome,IMPHY002851,2-Decanol,"DOI:10.1002/ffj.1053,DOI:10.1080/0972060x.2019.1599734"
Curcuma longa,rhizome,IMPHY002893,Bisacurone,ISBN:9788172362133
Curcuma longa,rhizome,IMPHY002913,Sesquisabinene,DOI:10.1080/10412905.2014.942766
Curcuma longa,rhizome,IMPHY003104,Decanoic acid,DOI:10.1002/ffj.1053
Curcuma longa,rhizome,IMPHY003485,Myrcene,"DOI:10.1002/ffj.1053,DOI:10.1002/ffj.2730070105,DOI:10.1080/10412905.1997.9700783,DOI:10.1080/10412905.1999.9712004,DOI:10.1080/10412905.2002.9699843,DOI:10.1080/10412905.2014.942766"
Curcuma longa,rhizome,IMPHY003536,Eugenol,"DOI:10.1080/10412905.2014.942766, ISBN:9788185042114"
Curcuma longa,rhizome,IMPHY003537,Tetradecanal,DOI:10.1080/10412905.1999.9712004
Curcuma longa,rhizome,IMPHY003567,alpha-Fenchene,DOI:10.1080/10412905.2002.9699843
Curcuma longa,rhizome,IMPHY003768,"4,10-Epizedoarondiol",ISBN:9788172362133
Curcuma longa,rhizome,IMPHY003789,Furanodienon,"DOI:10.1002/ffj.1053,DOI:10.1080/10412905.2005.9698993"
Curcuma longa,rhizome,IMPHY003982,gamma-Terpinene,"DOI:10.1002/ffj.1053,DOI:10.1002/ffj.2730100604,DOI:10.1080/0972060x.2019.1599734,DOI:10.1080/10412905.1997.9700783,DOI:10.1080/10412905.1999.9712004,DOI:10.1080/10412905.2002.9699843,DOI:10.1080/10412905.2005.9698993,DOI:10.1080/10412905.2014.942766"
Curcuma longa,rhizome,IMPHY004121,2-Heptanone,DOI:10.1002/ffj.1053
Curcuma longa,rhizome,IMPHY004129,Demethoxycurcumin,"ISBN:9770976605004, ISBN:9788172362133, ISBN:9788185042114, ISBN:9788185042138, ISBN:9788190648912"
Curcuma longa,rhizome,IMPHY004151,Geranyl formate,DOI:10.1002/ffj.1053
Curcuma longa,rhizome,IMPHY004192,Piperine,ISBN:9780387706375
Curcuma longa,rhizome,IMPHY004288,Epiprocurcumenol,ISBN:9788172362133
Curcuma longa,rhizome,IMPHY004315,Procurcumenol,ISBN:9788172362133
Curcuma longa,rhizome,IMPHY004438,Geranyl butyrate,"DOI:10.1002/ffj.1053,DOI:10.1080/10412905.2005.9698993"
Curcuma longa,rhizome,IMPHY004549,Safrole,DOI:10.1002/ffj.1053
Curcuma longa,rhizome,IMPHY004666,Bisabolane,ISBN:9788190648912
Curcuma longa,rhizome,IMPHY004928,Bisdemethoxycurcumin,"ISBN:9788185042114, ISBN:9788190648912"
Curcuma longa,rhizome,IMPHY005042,Bisacumol,"DOI:10.1002/ffj.1053,DOI:10.1002/ffj.2730070105,DOI:10.1080/0972060x.2019.1599734,DOI:10.1080/10412905.1997.9700783,DOI:10.1080/10412905.1999.9712004,DOI:10.1080/10412905.2002.9699843,DOI:10.1080/10412905.2005.9698993, ISBN:9788172362133"
Curcuma longa,rhizome,IMPHY005521,1-Hexen-3-OL,DOI:10.1002/ffj.1053
Curcuma longa,rhizome,IMPHY005618,Germacrene B,DOI:10.1080/0972060x.2019.1599734
Curcuma longa,rhizome,IMPHY005653,2-Octanol,DOI:10.1080/10412905.2005.9698993
Curcuma longa,rhizome,IMPHY005798,Curlone,"DOI:10.1002/ffj.1053,DOI:10.1080/0972060x.2019.1599734,DOI:10.1080/10412905.1997.9700783,DOI:10.1080/10412905.2002.9699843,DOI:10.1080/10412905.2005.9698993, ISBN:9780387706375, ISBN:9788172362133, ISBN:9788185042114, ISBN:9788185042138, ISBN:9788185042145, ISBN:9788190648912"
Curcuma longa,rhizome,IMPHY006145,p-Cymene,"DOI:10.1002/ffj.1053,DOI:10.1002/ffj.2730070105,DOI:10.1002/ffj.2730100604,DOI:10.1080/10412905.1997.9700783,DOI:10.1080/10412905.1999.9712004,DOI:10.1080/10412905.2002.9699843,DOI:10.1080/10412905.2005.9698993,DOI:10.1080/10412905.2014.942766, ISBN:9788172362133"
Curcuma longa,rhizome,IMPHY006214,"Germacr-1(10)-ene-5,8-dione","DOI:10.1002/ffj.1053,DOI:10.1002/ffj.2730070105,DOI:10.1080/10412905.1997.9700783, ISBN:9788185042114"
Curcuma longa,rhizome,IMPHY006300,Cholesterol,"ISBN:9788172362133, ISBN:9788172362140, ISBN:9788185042084"
Curcuma longa,rhizome,IMPHY006324,Linalyl propionate,DOI:10.1002/ffj.1053
Curcuma longa,rhizome,IMPHY006325,Myrtenal,"DOI:10.1002/ffj.1053,DOI:10.1080/0972060x.2019.1599734,DOI:10.1080/10412905.2005.9698993"
Curcuma longa,rhizome,IMPHY006463,Germacrone,"DOI:10.1002/ffj.1053,DOI:10.1002/ffj.2730070105,DOI:10.1080/10412905.1997.9700783,DOI:10.1080/10412905.1999.9712004,DOI:10.1080/10412905.2002.9699843,DOI:10.1080/10412905.2005.9698993, ISBN:9788172362133"
Curcuma longa,rhizome,IMPHY006549,Cyclocurcumin,ISBN:9788172362133
Curcuma longa,rhizome,IMPHY006550,Thymol,"DOI:10.1002/ffj.1053,DOI:10.1080/10412905.2014.942766"
Curcuma longa,rhizome,IMPHY006696,Methyleugenol,DOI:10.1002/ffj.1053
Curcuma longa,rhizome,IMPHY006758,"(1S,2S,5S,8S)-2-methyl-6-methylidene-9-propan-2-ylidene-11-oxatricyclo[6.2.1.01,5]undecan-8-ol",DOI:10.1002/ffj.2730070105
Curcuma longa,rhizome,IMPHY006933,2-(Hydroxymethyl)anthraquinone,"ISBN:9788172362133, ISBN:9788185042114"
Curcuma longa,rhizome,IMPHY006950,Tricyclene,"DOI:10.1002/ffj.2730070105,DOI:10.1080/10412905.2002.9699843"
Curcuma longa,rhizome,IMPHY007067,Linalyl acetate,"DOI:10.1002/ffj.1053,DOI:10.1080/10412905.1999.9712004"
Curcuma longa,rhizome,IMPHY007069,4'-Methylacetophenone,"DOI:10.1002/ffj.1053,DOI:10.1080/10412905.1999.9712004"
Curcuma longa,rhizome,IMPHY007110,Perilla ketone,DOI:10.1002/ffj.1053
Curcuma longa,rhizome,IMPHY007427,Xanthorrhizol,"DOI:10.1002/ffj.2730070105,DOI:10.1080/10412905.1999.9712004"
Curcuma longa,rhizome,IMPHY007574,Curcumin,"ISBN:9780387706375, ISBN:9788172360481, ISBN:9788172362133, ISBN:9788185042114, ISBN:9788190115131, ISBN:9788190648912, ISBN:9788190648943, The Unani Pharmacopoeia of India Part-1 Volume-1"
Curcuma longa,rhizome,IMPHY008150,1-Methyl-4-(prop-1-en-2-yl)benzene,"DOI:10.1080/10412905.1999.9712004,DOI:10.1080/10412905.2002.9699843"
Curcuma longa,rhizome,IMPHY008383,Linalyl isobutyrate,DOI:10.1080/10412905.1999.9712004
Curcuma longa,rhizome,IMPHY008936,alpha-Guaiene,"DOI:10.1002/ffj.1053,DOI:10.1080/10412905.1999.9712004"
Curcuma longa,rhizome,IMPHY009419,Tridecane,DOI:10.1080/10412905.2014.942766
Curcuma longa,rhizome,IMPHY009626,2-Nonanol,"DOI:10.1002/ffj.1053,DOI:10.1002/ffj.2730070105,DOI:10.1080/0972060x.2019.1599734,DOI:10.1080/10412905.1997.9700783"
Curcuma longa,rhizome,IMPHY009688,"3,7(11)-Eudesmadiene",DOI:10.1002/ffj.2730070105
Curcuma longa,rhizome,IMPHY009706,Isoledene,DOI:10.1080/10412905.2014.942766
Curcuma longa,rhizome,IMPHY009732,cis-Carvotanacetol,DOI:10.1002/ffj.1053
Curcuma longa,rhizome,IMPHY009740,Camphene hydrate,"DOI:10.1002/ffj.1053,DOI:10.1080/10412905.1999.9712004"
Curcuma longa,rhizome,IMPHY009780,Heptyl salicylate,"DOI:10.1002/ffj.1053,DOI:10.1080/10412905.2005.9698993"
Curcuma longa,rhizome,IMPHY009858,1-Undecanol,DOI:10.1002/ffj.1053
Curcuma longa,rhizome,IMPHY009909,Ethene;2-methoxyphenol;phenol;propanedial,ISBN:9788185042114
Curcuma longa,rhizome,IMPHY009998,Geranyl hexanoate,"DOI:10.1002/ffj.1053,DOI:10.1080/10412905.2005.9698993"
Curcuma longa,rhizome,IMPHY010072,Eucalyptol,"DOI:10.1002/ffj.1053,DOI:10.1002/ffj.2730070105,DOI:10.1002/ffj.2730100604,DOI:10.1080/0972060x.2019.1599734,DOI:10.1080/10412905.1997.9700783,DOI:10.1080/10412905.1999.9712004,DOI:10.1080/10412905.2002.9699843,DOI:10.1080/10412905.2005.9698993,DOI:10.1080/10412905.2011.9712275,DOI:10.1080/10412905.2014.942766, ISBN:9788172362133, ISBN:9788185042114"
Curcuma longa,rhizome,IMPHY010080,beta-Elemene,"DOI:10.1002/ffj.1053,DOI:10.1002/ffj.2730070105,DOI:10.1080/10412905.1999.9712004"
Curcuma longa,rhizome,IMPHY010541,1-Bisabolone,"DOI:10.1002/ffj.1053,DOI:10.1080/10412905.1997.9700783"
Curcuma longa,rhizome,IMPHY010611,Curzerene,"DOI:10.1002/ffj.1053,DOI:10.1002/ffj.2730070105"
Curcuma longa,rhizome,IMPHY010676,(+)-Curcumenol,"DOI:10.1002/ffj.2730070105, ISBN:9788172362133"
Curcuma longa,rhizome,IMPHY010677,Curcuphenol,"DOI:10.1002/ffj.2730070105,DOI:10.1080/10412905.1997.9700783,DOI:10.1080/10412905.1999.9712004,DOI:10.1080/10412905.2002.9699843"
Curcuma longa,rhizome,IMPHY010887,Thymol acetate,DOI:10.1002/ffj.1053
Curcuma longa,rhizome,IMPHY010995,Toluene,DOI:10.1080/10412905.1997.9700783
Curcuma longa,rhizome,IMPHY011004,"p-Mentha-1,3,8-triene",DOI:10.1080/10412905.2002.9699843
Curcuma longa,rhizome,IMPHY011027,Turmerol,"DOI:10.1002/ffj.2730070105, ISBN:9788172362133, ISBN:9788185042145"
Curcuma longa,rhizome,IMPHY011050,3-Buten-2-OL,DOI:10.1002/ffj.1053
Curcuma longa,rhizome,IMPHY011087,alpha-Turmerone,"DOI:10.1002/ffj.1053,DOI:10.1080/10412905.1997.9700783,DOI:10.1080/10412905.2002.9699843,DOI:10.1080/10412905.2005.9698993, ISBN:9788172362133, ISBN:9788185042114"
Curcuma longa,rhizome,IMPHY011215,Tetradecane,"DOI:10.1002/ffj.1053,DOI:10.1080/10412905.2005.9698993,DOI:10.1080/10412905.2014.942766"
Curcuma longa,rhizome,IMPHY011392,3-Carene,"DOI:10.1002/ffj.1053,DOI:10.1002/ffj.2730100604,DOI:10.1080/10412905.1997.9700783,DOI:10.1080/10412905.2002.9699843,DOI:10.1080/10412905.2005.9698993,DOI:10.1080/10412905.2011.9712275"
Curcuma longa,rhizome,IMPHY011396,4-Carvomenthenol,"DOI:10.1002/ffj.1053,DOI:10.1002/ffj.2730070105,DOI:10.1080/0972060x.2019.1599734,DOI:10.1080/10412905.1997.9700783,DOI:10.1080/10412905.1999.9712004,DOI:10.1080/10412905.2002.9699843,DOI:10.1080/10412905.2014.942766"
Curcuma longa,rhizome,IMPHY011521,2-Undecanone,"DOI:10.1002/ffj.1053,DOI:10.1002/ffj.2730070105,DOI:10.1080/10412905.2002.9699843"
Curcuma longa,rhizome,IMPHY011542,beta-Eudesmol,"DOI:10.1002/ffj.1053,DOI:10.1002/ffj.2730070105"
Curcuma longa,rhizome,IMPHY011552,(1R)-2-methyl-5-propan-2-ylbicyclo[3.1.0]hex-2-ene,"DOI:10.1002/ffj.1053,DOI:10.1080/10412905.1999.9712004,DOI:10.1080/10412905.2005.9698993"
Curcuma longa,rhizome,IMPHY011557,4-Isopropylbenzyl alcohol,DOI:10.1080/10412905.2002.9699843
Curcuma longa,rhizome,IMPHY011563,Curzerenone,"DOI:10.1002/ffj.1053,DOI:10.1002/ffj.2730070105,DOI:10.1080/10412905.1999.9712004, ISBN:9788185042114"
Curcuma longa,rhizome,IMPHY011581,alpha-Selinene,"DOI:10.1002/ffj.1053,DOI:10.1080/10412905.2005.9698993"
Curcuma longa,rhizome,IMPHY011586,"(S,1Z,6Z)-8-Isopropyl-1-methyl-5-methylenecyclodeca-1,6-diene",DOI:10.1002/ffj.1053
Curcuma longa,rhizome,IMPHY011588,cis-3-Hexen-1-ol,DOI:10.1002/ffj.1053
Curcuma longa,rhizome,IMPHY011590,d-Borneol,"DOI:10.1002/ffj.1053,DOI:10.1002/ffj.2730070105,DOI:10.1080/0972060x.2019.1599734,DOI:10.1080/10412905.1997.9700783,DOI:10.1080/10412905.1999.9712004,DOI:10.1080/10412905.2014.942766, ISBN:9788172362133, ISBN:9788185042114"
Curcuma longa,rhizome,IMPHY011599,Terpinolene,"DOI:10.1002/ffj.1053,DOI:10.1002/ffj.2730100604,DOI:10.1080/0972060x.2019.1599734,DOI:10.1080/10412905.1997.9700783,DOI:10.1080/10412905.1999.9712004,DOI:10.1080/10412905.2002.9699843,DOI:10.1080/10412905.2005.9698993,DOI:10.1080/10412905.2014.942766"
Curcuma longa,rhizome,IMPHY011632,Farnesol,DOI:10.1080/10412905.1999.9712004
Curcuma longa,rhizome,IMPHY011643,alpha-Terpinene,"DOI:10.1002/ffj.1053,DOI:10.1002/ffj.2730100604,DOI:10.1080/10412905.1997.9700783,DOI:10.1080/10412905.1999.9712004,DOI:10.1080/10412905.2002.9699843,DOI:10.1080/10412905.2005.9698993,DOI:10.1080/10412905.2014.942766, ISBN:9788185042114"
Curcuma longa,rhizome,IMPHY011647,Geranyl acetate,"DOI:10.1002/ffj.1053,DOI:10.1080/10412905.2002.9699843"
Curcuma longa,rhizome,IMPHY011657,cis-beta-Farnesene,DOI:10.1080/10412905.1999.9712004
Curcuma longa,rhizome,IMPHY011658,beta-Farnesene,"DOI:10.1002/ffj.1053,DOI:10.1002/ffj.2730070105,DOI:10.1080/10412905.1999.9712004,DOI:10.1080/10412905.2002.9699843,DOI:10.1080/10412905.2005.9698993,DOI:10.1080/10412905.2011.9712275, ISBN:9788172362133"
Curcuma longa,rhizome,IMPHY011659,alpha-Muurolene,DOI:10.1002/ffj.1053
Curcuma longa,rhizome,IMPHY011660,(+)-alpha-Cadinene,DOI:10.1002/ffj.1053
Curcuma longa,rhizome,IMPHY011744,delta-Curcumene,ISBN:9788172362133
Curcuma longa,rhizome,IMPHY011745,Zingiberene,"DOI:10.1002/ffj.1053,DOI:10.1002/ffj.2730070105,DOI:10.1080/10412905.1997.9700783,DOI:10.1080/10412905.1999.9712004,DOI:10.1080/10412905.2002.9699843,DOI:10.1080/10412905.2005.9698993,DOI:10.1080/10412905.2014.942766, ISBN:9788172362133"
Curcuma longa,rhizome,IMPHY011749,Humulene epoxide II,"DOI:10.1002/ffj.1053,DOI:10.1080/10412905.2005.9698993"
Curcuma longa,rhizome,IMPHY011761,Humulene,"DOI:10.1002/ffj.1053,DOI:10.1080/10412905.1997.9700783,DOI:10.1080/10412905.1999.9712004,DOI:10.1080/10412905.2002.9699843"
Curcuma longa,rhizome,IMPHY011763,Anethole,DOI:10.1080/10412905.2014.942766
Curcuma longa,rhizome,IMPHY011789,Citral,DOI:10.1002/ffj.1053
Curcuma longa,rhizome,IMPHY011790,Neral,"DOI:10.1080/0972060x.2019.1599734,DOI:10.1080/10412905.2005.9698993"
Curcuma longa,rhizome,IMPHY011884,Pulegone,DOI:10.1080/10412905.2014.942766
Curcuma longa,rhizome,IMPHY011939,10-epi-gamma-Eudesmol,"DOI:10.1002/ffj.1053,DOI:10.1080/10412905.2005.9698993"
Curcuma longa,rhizome,IMPHY011957,(+)-delta-Cadinene,DOI:10.1002/ffj.2730070105
Curcuma longa,rhizome,IMPHY011965,(+)-beta-Phellandrene,DOI:10.1080/10412905.1999.9712004
Curcuma longa,rhizome,IMPHY011973,(-)-cis-Carveol,"DOI:10.1002/ffj.1053,DOI:10.1080/0972060x.2019.1599734,DOI:10.1080/10412905.2014.942766"
Curcuma longa,rhizome,IMPHY012036,Camphor,"DOI:10.1002/ffj.1053,DOI:10.1002/ffj.2730070105,DOI:10.1080/0972060x.2019.1599734,DOI:10.1080/10412905.1999.9712004,DOI:10.1080/10412905.2005.9698993, ISBN:9788185042114"
Curcuma longa,rhizome,IMPHY012058,Linalool,"DOI:10.1002/ffj.1053,DOI:10.1002/ffj.2730070105,DOI:10.1080/0972060x.2019.1599734,DOI:10.1080/10412905.1999.9712004,DOI:10.1080/10412905.2002.9699843,DOI:10.1080/10412905.2005.9698993, ISBN:9788185042114"
Curcuma longa,rhizome,IMPHY012061,alpha-Pinene,"DOI:10.1002/ffj.1053,DOI:10.1002/ffj.2730070105,DOI:10.1002/ffj.2730100604,DOI:10.1080/0972060x.2019.1599734,DOI:10.1080/10412905.1997.9700783,DOI:10.1080/10412905.1999.9712004,DOI:10.1080/10412905.2002.9699843,DOI:10.1080/10412905.2005.9698993,DOI:10.1080/10412905.2014.942766, ISBN:9788185042114"
Curcuma longa,rhizome,IMPHY012075,Carvone,"DOI:10.1002/ffj.1053,DOI:10.1080/0972060x.2019.1599734,DOI:10.1080/10412905.1999.9712004,DOI:10.1080/10412905.2014.942766"
Curcuma longa,rhizome,IMPHY012147,beta-Pinene,"DOI:10.1002/ffj.1053,DOI:10.1002/ffj.2730070105,DOI:10.1002/ffj.2730100604,DOI:10.1080/0972060x.2019.1599734,DOI:10.1080/10412905.1997.9700783,DOI:10.1080/10412905.1999.9712004,DOI:10.1080/10412905.2002.9699843,DOI:10.1080/10412905.2005.9698993,DOI:10.1080/10412905.2014.942766, ISBN:9788185042114"
Curcuma longa,rhizome,IMPHY012152,alpha-Fenchol,DOI:10.1002/ffj.1053
Curcuma longa,rhizome,IMPHY012160,alpha-Terpineol,"DOI:10.1002/ffj.1053,DOI:10.1080/0972060x.2019.1599734,DOI:10.1080/10412905.1997.9700783,DOI:10.1080/10412905.1999.9712004,DOI:10.1080/10412905.2002.9699843,DOI:10.1080/10412905.2014.942766"
Curcuma longa,rhizome,IMPHY012165,Sabinene,"DOI:10.1002/ffj.1053,DOI:10.1002/ffj.2730070105,DOI:10.1080/10412905.1997.9700783,DOI:10.1080/10412905.1999.9712004,DOI:10.1080/10412905.2002.9699843,DOI:10.1080/10412905.2005.9698993, ISBN:9788172362133"
Curcuma longa,rhizome,IMPHY012279,alpha-Curcumene,"DOI:10.1002/ffj.1053,DOI:10.1002/ffj.2730070105,DOI:10.1080/0972060x.2019.1599734,DOI:10.1080/10412905.1997.9700783,DOI:10.1080/10412905.1999.9712004,DOI:10.1080/10412905.2002.9699843,DOI:10.1080/10412905.2005.9698993,DOI:10.1080/10412905.2011.9712275,DOI:10.1080/10412905.2014.942766, ISBN:9788172362133, ISBN:9788185042114"
Curcuma longa,rhizome,IMPHY012381,ar-Turmerone,"DOI:10.1002/ffj.1053,DOI:10.1002/ffj.2730070105,DOI:10.1080/0972060x.2019.1599734,DOI:10.1080/10412905.1997.9700783,DOI:10.1080/10412905.1999.9712004,DOI:10.1080/10412905.2002.9699843,DOI:10.1080/10412905.2005.9698993,DOI:10.1080/10412905.2011.9712275,DOI:10.1080/10412905.2014.942766, ISBN:9788172362133, ISBN:9788185042114"
Curcuma longa,rhizome,IMPHY012402,Campesterol,"ISBN:9788172362140, ISBN:9788185042084"
Curcuma longa,rhizome,IMPHY012587,tau-Cadinol,DOI:10.1080/10412905.2005.9698993
Curcuma longa,rhizome,IMPHY012589,"3-(1,5-Dimethyl-4-hexenyl)-6-methylene-1-cyclohexene","DOI:10.1002/ffj.1053,DOI:10.1002/ffj.2730070105,DOI:10.1080/10412905.1997.9700783,DOI:10.1080/10412905.1999.9712004,DOI:10.1080/10412905.2002.9699843,DOI:10.1080/10412905.2005.9698993,DOI:10.1080/10412905.2011.9712275,DOI:10.1080/10412905.2014.942766, ISBN:9788172362133"
Curcuma longa,rhizome,IMPHY012665,Levomenol,DOI:10.1002/ffj.1053
Curcuma longa,rhizome,IMPHY012667,Caryophyllene oxide,"DOI:10.1002/ffj.1053,DOI:10.1002/ffj.2730070105,DOI:10.1080/10412905.1999.9712004,DOI:10.1080/10412905.2005.9698993"
Curcuma longa,rhizome,IMPHY012739,(Z)-beta-Ocimene,"DOI:10.1002/ffj.1053,DOI:10.1080/10412905.1999.9712004,DOI:10.1080/10412905.2002.9699843"
Curcuma longa,rhizome,IMPHY012907,trans-Sesquisabinene hydrate,"DOI:10.1002/ffj.1053,DOI:10.1080/10412905.2005.9698993"
Curcuma longa,rhizome,IMPHY012920,"2-Furanmethanol, 5-ethenyltetrahydro-alpha,alpha,5-trimethyl-, cis-","DOI:10.1002/ffj.1053,DOI:10.1080/10412905.1999.9712004"
Curcuma longa,rhizome,IMPHY012921,gamma-Elemene,"DOI:10.1002/ffj.1053,DOI:10.1002/ffj.2730070105,DOI:10.1080/10412905.1999.9712004,DOI:10.1080/10412905.2005.9698993"
Curcuma longa,rhizome,IMPHY013093,delta-Elemene,"DOI:10.1002/ffj.1053,DOI:10.1002/ffj.2730070105,DOI:10.1080/10412905.1999.9712004"
Curcuma longa,rhizome,IMPHY013210,Isoprocurcumenol,ISBN:9788172362133
Curcuma longa,rhizome,IMPHY014179,"(1E,4E)-1-(4-Hydroxy-3-methoxyphenyl)-5-(4-hydroxyphenyl)-1,4-pentadiene-3-one",ISBN:9788185042145
Curcuma longa,rhizome,IMPHY014466,"1,7-Bis(4-hydroxyphenyl)-1,4,6-heptatrien-3-one",ISBN:9788172362133
Curcuma longa,rhizome,IMPHY014602,"Bisabola-3,10-diene-2-one",ISBN:9788172362133
Curcuma longa,rhizome,IMPHY014802,alpha-Atlantone,"DOI:10.1002/ffj.2730070105, ISBN:9788172362133, ISBN:9788185042145"
Curcuma longa,rhizome,IMPHY014811,alpha-Phellandrene,"DOI:10.1002/ffj.1053,DOI:10.1002/ffj.2730070105,DOI:10.1002/ffj.2730100604,DOI:10.1080/0972060x.2019.1599734,DOI:10.1080/10412905.1997.9700783,DOI:10.1080/10412905.1999.9712004,DOI:10.1080/10412905.2002.9699843,DOI:10.1080/10412905.2005.9698993,DOI:10.1080/10412905.2011.9712275,DOI:10.1080/10412905.2014.942766, ISBN:9788172362133"
Curcuma longa,rhizome,IMPHY014831,beta-Caryophyllene,"DOI:10.1002/ffj.1053,DOI:10.1002/ffj.2730070105,DOI:10.1080/0972060x.2019.1599734,DOI:10.1080/10412905.1997.9700783,DOI:10.1080/10412905.1999.9712004,DOI:10.1080/10412905.2002.9699843,DOI:10.1080/10412905.2011.9712275, ISBN:9788172362133, ISBN:9788185042114"
Curcuma longa,rhizome,IMPHY014833,beta-Himachalene,DOI:10.1080/0972060x.2019.1599734
Curcuma longa,rhizome,IMPHY014835,(E)-beta-ocimene,"DOI:10.1002/ffj.1053,DOI:10.1080/10412905.1999.9712004,DOI:10.1080/10412905.2002.9699843,DOI:10.1080/10412905.2005.9698993"
Curcuma longa,rhizome,IMPHY014836,beta-Sitosterol,"ISBN:9788172362133, ISBN:9788172362140, ISBN:9788185042114"
Curcuma longa,rhizome,IMPHY014842,Stigmasterol,"ISBN:9788172362133, ISBN:9788172362140, ISBN:9788185042084"
Curcuma longa,rhizome,IMPHY014852,Camphene,"DOI:10.1002/ffj.1053,DOI:10.1002/ffj.2730070105,DOI:10.1080/0972060x.2019.1599734,DOI:10.1080/10412905.1999.9712004,DOI:10.1080/10412905.2005.9698993, ISBN:9788185042114"
Curcuma longa,rhizome,IMPHY014863,cis-alpha-Bergamotene,DOI:10.1080/10412905.2002.9699843
Curcuma longa,rhizome,IMPHY014866,"2-Cyclohexen-1-ol, 2-methyl-5-(1-methylethenyl)-, acetate, cis-",DOI:10.1002/ffj.1053
Curcuma longa,rhizome,IMPHY014876,7-epi-cis-Sesquisabinene hydrate,DOI:10.1002/ffj.1053
Curcuma longa,rhizome,IMPHY014906,Cedrelanol,DOI:10.1002/ffj.1053
Curcuma longa,rhizome,IMPHY014907,6-Epi-beta-bisabolol,DOI:10.1002/ffj.1053
Curcuma longa,rhizome,IMPHY014923,Geraniol,"DOI:10.1002/ffj.1053,DOI:10.1080/0972060x.2019.1599734"
Curcuma longa,rhizome,IMPHY014988,Limonene,"DOI:10.1002/ffj.2730070105,DOI:10.1002/ffj.2730100604,DOI:10.1080/0972060x.2019.1599734,DOI:10.1080/10412905.1997.9700783,DOI:10.1080/10412905.1999.9712004,DOI:10.1080/10412905.2002.9699843,DOI:10.1080/10412905.2005.9698993,DOI:10.1080/10412905.2014.942766, ISBN:9788172362133, ISBN:9788185042114"
Curcuma longa,rhizome,IMPHY014989,trans-Linalool oxide,DOI:10.1002/ffj.1053
Curcuma longa,rhizome,IMPHY015022,Nerolidol,"DOI:10.1002/ffj.1053,DOI:10.1080/10412905.1999.9712004,DOI:10.1080/10412905.2002.9699843,DOI:10.1080/10412905.2005.9698993"
Curcuma longa,rhizome,IMPHY015062,(+)-cis-Sabinol,"DOI:10.1002/ffj.1053,DOI:10.1080/10412905.2005.9698993"
Curcuma longa,rhizome,IMPHY015063,Sabinyl acetate,"DOI:10.1002/ffj.1053,DOI:10.1080/10412905.2005.9698993"
Curcuma longa,rhizome,IMPHY015095,"2-Cyclohexen-1-ol, 1-methyl-4-(1-methylethyl)-, trans-","DOI:10.1002/ffj.1053,DOI:10.1080/10412905.2005.9698993"
Curcuma longa,rhizome,IMPHY016012,Allo-Aromadendrene,DOI:10.1002/ffj.2730070105
Curcuma longa,rhizome,IMPHY016014,Isobornyl acetate,DOI:10.1002/ffj.1053
Curcuma longa,rhizome,IMPHY016053,Viridiflorol,"DOI:10.1002/ffj.1053,DOI:10.1080/10412905.2005.9698993"
Curcuma longa,rhizome,IMPHY016054,trans-alpha-Bergamotene,DOI:10.1080/10412905.2014.942766
Curcuma longa,rhizome,IMPHY017883,"(4S,5S)-Germacrone-4,5-epoxide",ISBN:9788172362133
Curcuma longa,rhizome,IMPHY017919,Ar-dihydro-turmerone,DOI:10.1080/10412905.2002.9699843
Curcuma longa,root,IMPHY012589,"3-(1,5-Dimethyl-4-hexenyl)-6-methylene-1-cyclohexene",ISBN:9788185042145
Curcuma longa,whole plant,IMPHY007574,Curcumin,ISBN:9788172361266
Curcuma longa,,IMPHY000073,"2-Hepten-4-one, 6-(2-hydroxy-4-methylphenyl)-2-methyl-",ISBN:9788172362140
Curcuma longa,,IMPHY001107,"(1E)-1,7-bis(4-hydroxy-3-methoxyphenyl)hept-1-ene-3,5-dione","ISBN:9788171360536, ISBN:9788172362140"
Curcuma longa,,IMPHY001430,"Bicyclo(4.1.0)heptan-3-one, 1-methyl-4-(1-methylethylidene)-7-(3-oxobutyl)-, (1S,6R,7R)-","ISBN:9788172362140, ISBN:9788185042145"
Curcuma longa,,IMPHY001611,Turmeronol A,ISBN:9788172362140
Curcuma longa,,IMPHY002581,Procurcumadiol,"ISBN:9788172362140, ISBN:9788185042145"
Curcuma longa,,IMPHY002626,"(6Z)-6,10-dimethyl-3-propan-2-ylidenecyclodec-6-ene-1,4-dione","ISBN:9788172362140, ISBN:9788185042145"
Curcuma longa,,IMPHY002893,Bisacurone,ISBN:9788185042145
Curcuma longa,,IMPHY003392,Butylated hydroxytoluene,ISBN:9780387706375
Curcuma longa,,IMPHY003536,Eugenol,ISBN:9788172362140
Curcuma longa,,IMPHY003768,"4,10-Epizedoarondiol",ISBN:9788185042145
Curcuma longa,,IMPHY004129,Demethoxycurcumin,"ISBN:9788171360536, ISBN:9788172362140, ISBN:9788185042145"
Curcuma longa,,IMPHY004192,Piperine,PMID:27529277
Curcuma longa,,IMPHY004288,Epiprocurcumenol,"ISBN:9788172362140, ISBN:9788185042145"
Curcuma longa,,IMPHY004315,Procurcumenol,"ISBN:9788172362140, ISBN:9788185042145"
Curcuma longa,,IMPHY004928,Bisdemethoxycurcumin,"ISBN:9788171360536, ISBN:9788172362140, ISBN:9788185042145"
Curcuma longa,,IMPHY005042,Bisacumol,ISBN:9788185042145
Curcuma longa,,IMPHY005088,2-Methylisoborneol,DOI:10.15482/usda.adc/1239279
Curcuma longa,,IMPHY005798,Curlone,"ISBN:9788172362140, ISBN:9788185042114"
Curcuma longa,,IMPHY006214,"Germacr-1(10)-ene-5,8-dione",ISBN:9788172362140
Curcuma longa,,IMPHY006362,Ascorbic acid,ISBN:9780387706375
Curcuma longa,,IMPHY006549,Cyclocurcumin,ISBN:9788172362140
Curcuma longa,,IMPHY006933,2-(Hydroxymethyl)anthraquinone,ISBN:9788172362140
Curcuma longa,,IMPHY007097,"(1E,4E)-1,5-bis(4-hydroxy-3-methoxyphenyl)penta-1,4-dien-3-one",DOI:10.15482/usda.adc/1239279
Curcuma longa,,IMPHY007488,Tetrahydrobisdemethoxydiferuloylmethane,DOI:10.15482/usda.adc/1239279
Curcuma longa,,IMPHY007574,Curcumin,"Clinical Studies of Certain Ayurvedic Formulations in the Management of VY?NABALA VAI?AMYA (Essential Hypertension), ISBN:9788172360481, ISBN:9788185042114,PMID:17400527,PMID:21804251,PMID:24260564,PMID:24367241,PMID:24568335,PMID:25584520,PMID:25598799,PMID:25878374,PMID:26278015,PMID:26345201,PMID:26748069,PMID:27107245,PMID:27208389,PMID:27766103,PMID:28043027,PMID:28068085,PMID:28152102,PMID:28288756,PMID:28336172,PMID:28669709"
Curcuma longa,,IMPHY008937,Vitamin E,ISBN:9780387706375
Curcuma longa,,IMPHY010072,Eucalyptol,"DOI:10.15482/usda.adc/1239279, ISBN:9788172362140,PMID:11938917"
Curcuma longa,,IMPHY010541,1-Bisabolone,"ISBN:9788172362140, ISBN:9788185042145"
Curcuma longa,,IMPHY010676,(+)-Curcumenol,ISBN:9788185042145
Curcuma longa,,IMPHY011087,alpha-Turmerone,"ISBN:9788172362140, ISBN:9788185042114, ISBN:9788185042145"
Curcuma longa,,IMPHY011563,Curzerenone,ISBN:9788172362140
Curcuma longa,,IMPHY011590,d-Borneol,ISBN:9788172362140
Curcuma longa,,IMPHY011745,Zingiberene,ISBN:9788172362140
Curcuma longa,,IMPHY012036,Camphor,ISBN:9788172362140
Curcuma longa,,IMPHY012058,Linalool,ISBN:9788172362140
Curcuma longa,,IMPHY012061,alpha-Pinene,ISBN:9788172362140
Curcuma longa,,IMPHY012147,beta-Pinene,ISBN:9788172362140
Curcuma longa,,IMPHY012279,alpha-Curcumene,"ISBN:9788172362140,PMID:11938917"
Curcuma longa,,IMPHY012381,ar-Turmerone,"ISBN:9788172362140, ISBN:9788185042114, ISBN:9788185042145"
Curcuma longa,,IMPHY013073,Oleoresin tumeric,ISBN:9788172360481
Curcuma longa,,IMPHY013210,Isoprocurcumenol,ISBN:9788185042114
Curcuma longa,,IMPHY014831,beta-Caryophyllene,ISBN:9788172362140
Curcuma longa,,IMPHY014852,Camphene,ISBN:9788172362140
Curcuma longa,,IMPHY014988,Limonene,ISBN:9788172362140
